1736955320.0823078,0.0,0.0,0.0,380,179,344,155
1736955320.140975,0.0,0.0,0.0,381,178,344,156
1736955320.197554,0.0,0.0,0.0,382,178,345,155
1736955320.257621,0.0,0.0,0.0,382,177,346,154
1736955320.3214846,0.0,0.0,0.0,382,176,346,153
1736955320.379786,0.0,0.0,0.0,383,174,346,152
1736955320.4361587,0.0,0.0,0.0,383,172,346,151
1736955320.5051048,0.0,0.0,0.0,383,171,345,151
1736955320.5630515,0.0,0.0,0.0,384,171,345,151
1736955320.6208405,0.0,0.0,0.0,384,171,345,151
1736955320.6803331,0.0,0.0,0.0,384,171,346,151
1736955320.7466943,0.0,0.0,0.0,385,171,346,152
1736955320.8014212,0.0,0.0,0.0,386,172,347,154
1736955320.8559132,0.0,0.0,0.0,386,172,348,155
1736955320.9241724,0.0,0.0,0.0,389,174,349,157
1736955320.9803865,0.0,0.0,0.0,390,174,350,158
1736955321.037763,0.0,0.0,0.0,391,174,351,158
1736955321.10679,0.0,0.0,0.0,392,173,352,158
1736955321.163872,0.0,0.0,0.0,393,173,352,158
1736955321.221551,0.0,0.0,0.0,393,171,352,157
1736955321.277879,0.0,0.0,0.0,394,170,353,155
1736955321.3441002,0.0,0.0,0.0,394,169,353,154
1736955321.4014754,0.0,0.0,0.0,393,166,353,152
1736955321.4583588,0.0,0.0,0.0,393,165,353,151
1736955321.525393,0.0,0.0,0.0,393,164,353,150
1736955321.580304,0.0,0.0,0.0,393,164,353,150
1736955321.638776,0.0,0.0,0.0,394,163,353,150
1736955321.7058961,0.0,0.0,0.0,395,164,354,151
1736955321.7624395,0.0,0.0,0.0,396,164,354,152
1736955321.8186798,0.0,0.0,0.0,397,165,355,154
1736955321.885804,0.0,0.0,0.0,399,165,356,155
1736955321.956206,0.0,0.0,0.0,400,166,358,157
1736955322.0010486,0.0,0.0,0.0,401,166,359,159
1736955322.0591652,0.0,0.0,0.0,402,165,359,157
1736955322.1254373,0.0,0.0,0.0,403,164,361,158
1736955322.1824799,0.0,0.0,0.0,403,162,361,156
1736955322.2449706,0.0,0.0,0.0,403,160,360,153
1736955322.3018298,0.0,0.0,0.0,402,159,361,151
1736955322.3723705,0.0,0.0,0.0,403,157,361,148
1736955322.420499,0.0,0.0,0.0,402,155,361,146
1736955322.48744,0.0,0.0,0.0,402,154,360,145
1736955322.545645,0.0,0.0,0.0,402,153,361,145
1736955322.600538,0.0,0.0,0.0,402,152,361,144
1736955322.6677425,0.0,0.0,0.0,403,152,361,144
1736955322.7250204,0.0,0.0,0.0,405,153,362,146
1736955322.7812254,0.0,0.0,0.0,405,153,363,150
1736955322.8446617,0.0,0.0,0.0,405,153,365,150
1736955322.9028165,0.0,0.0,0.0,408,153,366,152
1736955322.9622443,0.0,0.0,0.0,409,153,367,152
1736955323.0203466,0.0,0.0,0.0,409,151,368,154
1736955323.087907,0.0,0.0,0.0,410,151,369,154
1736955323.144805,0.0,0.0,0.0,410,149,370,152
1736955323.2019136,0.0,0.0,0.0,410,148,370,150
1736955323.260772,0.0,0.0,0.0,410,146,370,149
1736955323.3293848,0.0,0.0,0.0,410,143,369,146
1736955323.3884673,0.0,0.0,0.0,410,143,369,144
1736955323.4462714,0.0,0.0,0.0,409,141,368,141
1736955323.5012438,0.0,0.0,0.0,409,140,368,139
1736955323.5688238,0.0,0.0,0.0,409,139,369,139
1736955323.6233134,0.0,0.0,0.0,410,138,368,139
1736955323.6812203,0.0,0.0,0.0,411,138,369,140
1736955323.7482142,0.0,0.0,0.0,412,139,371,143
1736955323.805623,0.0,0.0,0.0,414,139,372,144
1736955323.8614378,0.0,0.0,0.0,414,138,374,145
1736955323.9210508,0.0,0.0,0.0,415,139,375,146
1736955323.9887953,0.0,0.0,0.0,417,139,376,146
1736955324.0463045,0.0,0.0,0.0,416,137,377,147
1736955324.1052725,0.0,0.0,0.0,415,135,378,146
1736955324.1622646,0.0,0.0,0.0,417,134,378,145
1736955324.22844,0.0,0.0,0.0,416,132,378,143
1736955324.2834618,0.0,0.0,0.0,416,131,377,140
1736955324.3508303,0.0,0.0,0.0,416,129,377,138
1736955324.4077904,0.0,0.0,0.0,415,128,376,137
1736955324.4648898,0.0,0.0,0.0,415,126,376,135
1736955324.5241833,0.0,0.0,0.0,415,125,375,133
1736955324.5819252,0.0,0.0,0.0,415,124,376,133
1736955324.6504242,0.0,0.0,0.0,416,124,376,133
1736955324.707472,0.0,0.0,0.0,418,124,377,134
1736955324.7648401,0.0,0.0,0.0,419,124,379,135
1736955324.8244426,0.0,0.0,0.0,420,124,381,136
1736955324.88421,0.0,0.0,0.0,420,123,382,138
1736955324.9432862,0.0,0.0,0.0,421,123,384,139
1736955325.010008,0.0,0.0,0.0,421,123,385,139
1736955325.0683806,0.0,0.0,0.0,420,121,385,139
1736955325.1234283,0.0,0.0,0.0,420,119,386,138
1736955325.1828547,0.0,0.0,0.0,419,118,385,137
1736955325.2472987,0.0,0.0,0.0,420,117,385,134
1736955325.3043716,0.0,0.0,0.0,421,116,383,132
1736955325.363764,0.0,0.0,0.0,420,114,383,130
1736955325.431428,0.0,0.0,0.0,420,113,383,128
1736955325.4879022,0.0,0.0,0.0,419,112,382,126
1736955325.543737,0.0,0.0,0.0,419,110,382,125
1736955325.613259,0.0,0.0,0.0,419,108,383,125
1736955325.6638267,0.0,0.0,0.0,420,108,384,124
1736955325.7304823,0.0,0.0,0.0,421,108,386,125
1736955325.7874565,0.0,0.0,0.0,422,108,387,127
1736955325.8449993,0.0,0.0,0.0,423,108,389,128
1736955325.9115498,0.0,0.0,0.0,424,108,390,129
1736955325.9689898,0.0,0.0,0.0,424,107,392,130
1736955326.027796,0.0,0.0,0.0,423,106,393,130
1736955326.0844603,0.0,0.0,0.0,422,105,393,129
1736955326.1505206,0.0,0.0,0.0,422,104,393,128
1736955326.207381,0.0,0.0,0.0,422,103,392,127
1736955326.2678437,0.0,0.0,0.0,423,102,392,125
1736955326.324339,0.0,0.0,0.0,423,100,390,124
1736955326.389788,0.0,0.0,0.0,422,98,390,122
1736955326.4459026,0.0,0.0,0.0,421,97,389,119
1736955326.5045974,0.0,0.0,0.0,421,95,391,122
1736955326.57155,0.0,0.0,0.0,420,93,390,119
1736955326.6267483,0.0,0.0,0.0,421,93,390,118
1736955326.6924753,0.0,0.0,0.0,421,92,391,119
1736955326.7474542,0.0,0.0,0.0,422,92,393,119
1736955326.8063877,0.0,0.0,0.0,423,92,394,120
1736955326.8651066,0.0,0.0,0.0,423,91,396,120
1736955326.9328027,0.0,0.0,0.0,424,91,398,121
1736955326.9892147,0.0,0.0,0.0,423,91,398,121
1736955327.0459738,0.0,0.0,0.0,424,90,399,123
1736955327.1139288,0.0,0.0,0.0,423,89,399,121
1736955327.172319,0.0,0.0,0.0,423,88,398,120
1736955327.2286887,0.0,0.0,0.0,422,87,398,118
1736955327.2860374,0.0,0.0,0.0,422,86,397,117
1736955327.3464322,0.0,0.0,0.0,421,84,396,115
1736955327.4138389,0.0,0.0,0.0,420,82,395,114
1736955327.4707022,0.0,0.0,0.0,420,81,395,112
1736955327.5262244,0.0,0.0,0.0,419,79,395,111
1736955327.594029,0.0,0.0,0.0,419,78,395,110
1736955327.6502576,0.0,0.0,0.0,420,76,395,110
1736955327.7062387,0.0,0.0,0.0,420,76,398,111
1736955327.7733493,0.0,0.0,0.0,421,76,399,112
1736955327.8302877,0.0,0.0,0.0,420,75,400,112
1736955327.8874524,0.0,0.0,0.0,420,75,402,112
1736955327.9536612,0.0,0.0,0.0,422,75,403,112
1736955328.0114942,0.0,0.0,0.0,421,75,404,112
1736955328.0675406,0.0,0.0,0.0,421,73,404,112
1736955328.1281505,0.0,0.0,0.0,420,73,404,110
1736955328.1889036,0.0,0.0,0.0,420,72,403,109
1736955328.2547812,0.0,0.0,0.0,418,70,402,108
1736955328.3118234,0.0,0.0,0.0,417,69,401,107
1736955328.3676124,0.0,0.0,0.0,418,68,400,105
1736955328.4275136,0.0,0.0,0.0,417,66,399,104
1736955328.4874341,0.0,0.0,0.0,416,64,399,103
1736955328.5544095,0.0,0.0,0.0,415,62,399,101
1736955328.6133885,0.0,0.0,0.0,415,61,399,101
1736955328.6677155,0.0,0.0,0.0,415,60,400,100
1736955328.7358236,0.0,0.0,0.0,416,59,401,99
1736955328.7917402,0.0,0.0,0.0,415,59,403,100
1736955328.8492823,0.0,0.0,0.0,415,58,404,100
1736955328.9152565,0.0,0.0,0.0,416,59,405,99
1736955328.972926,0.0,0.0,0.0,416,59,406,100
1736955329.0336323,0.0,0.0,0.0,416,58,407,99
1736955329.0884671,0.0,0.0,0.0,415,58,406,99
1736955329.1490262,0.0,0.0,0.0,415,57,405,98
1736955329.214265,0.0,0.0,0.0,413,56,404,97
1736955329.271402,0.0,0.0,0.0,412,56,403,96
1736955329.3275185,0.0,0.0,0.0,410,54,402,95
1736955329.395861,0.0,0.0,0.0,410,53,401,94
1736955329.453813,0.0,0.0,0.0,411,51,401,93
1736955329.5088856,0.0,0.0,0.0,409,49,400,91
1736955329.5688584,0.0,0.0,0.0,407,48,401,90
1736955329.63595,0.0,0.0,0.0,407,47,401,90
1736955329.692325,0.0,0.0,0.0,407,46,402,89
1736955329.749392,0.0,0.0,0.0,407,46,403,89
1736955329.8159115,0.0,0.0,0.0,408,45,404,89
1736955329.8698564,0.0,0.0,0.0,408,45,405,89
1736955329.936509,0.0,0.0,0.0,409,45,406,89
1736955329.9905782,0.0,0.0,0.0,408,45,407,88
1736955330.048579,0.0,0.0,0.0,408,45,406,88
1736955330.1162953,0.0,0.0,0.0,407,45,406,87
1736955330.1717227,0.0,0.0,0.0,406,44,405,87
1736955330.2384706,0.0,0.0,0.0,404,43,404,86
1736955330.2947254,0.0,0.0,0.0,403,42,403,85
1736955330.3537116,0.0,0.0,0.0,402,41,402,84
1736955330.4102561,0.0,0.0,0.0,401,39,401,83
1736955330.4783645,0.0,0.0,0.0,400,38,400,82
1736955330.5344284,0.0,0.0,0.0,399,37,400,80
1736955330.590941,0.0,0.0,0.0,400,35,400,79
1736955330.6507578,0.0,0.0,0.0,401,34,400,78
1736955330.7158682,0.0,0.0,0.0,398,34,402,78
1736955330.7716424,0.0,0.0,0.0,398,34,403,78
1736955330.8376787,0.0,0.0,0.0,399,34,404,77
1736955330.8962889,0.0,0.0,0.0,402,34,404,77
1736955330.9517846,0.0,0.0,0.0,402,34,405,77
1736955331.0097878,0.0,0.0,0.0,402,34,405,77
1736955331.0773528,0.0,0.0,0.0,397,36,406,76
1736955331.1352406,0.0,0.0,0.0,400,33,404,76
1736955331.1942384,0.0,0.0,0.0,398,32,403,75
1736955331.253128,0.0,0.0,0.0,395,32,402,75
1736955331.311504,0.0,0.0,0.0,394,31,401,74
1736955331.3793552,0.0,0.0,0.0,393,29,400,73
1736955331.4350421,0.0,0.0,0.0,391,28,399,72
1736955331.4930527,0.0,0.0,0.0,390,27,398,71
1736955331.5512762,0.0,0.0,0.0,388,25,398,69
1736955331.6198702,0.0,0.0,0.0,388,25,398,69
1736955331.6764865,0.0,0.0,0.0,388,25,398,68
1736955331.731755,0.0,0.0,0.0,388,24,399,67
1736955331.800052,0.0,0.0,0.0,387,28,400,67
1736955331.8556144,0.0,0.0,0.0,386,29,400,66
1736955331.9129438,0.0,0.0,0.0,385,30,401,66
1736955331.9823728,0.0,0.0,0.0,384,30,401,66
1736955332.0409148,0.0,0.0,0.0,382,31,401,66
1736955332.0987096,0.0,0.0,0.0,381,29,400,65
1736955332.1563027,0.0,0.0,0.0,380,30,399,65
1736955332.2116585,0.0,0.0,0.0,378,29,398,64
1736955332.2775893,0.0,0.0,0.0,377,28,397,65
1736955332.333502,0.0,0.0,0.0,375,27,396,64
1736955332.4014397,0.0,0.0,0.0,375,26,395,63
1736955332.4565403,0.0,0.0,0.0,377,21,394,63
1736955332.512873,0.0,0.0,0.0,375,19,393,61
1736955332.5811057,0.0,0.0,0.0,371,24,392,61
1736955332.6376019,0.0,0.0,0.0,370,23,392,60
1736955332.693426,0.0,0.0,0.0,368,25,392,57
1736955332.7614608,0.0,0.0,0.0,368,26,393,58
1736955332.8181005,0.0,0.0,0.0,368,26,394,58
1736955332.874413,0.0,0.0,0.0,367,27,393,55
1736955332.9327707,0.0,0.0,0.0,367,27,393,55
1736955333.0014672,0.0,0.0,0.0,366,28,393,56
1736955333.0592983,0.0,0.0,0.0,365,28,392,55
1736955333.116722,0.0,0.0,0.0,363,27,391,54
1736955333.1740398,0.0,0.0,0.0,361,27,389,54
1736955333.2431538,0.0,0.0,0.0,360,27,388,55
1736955333.2996936,0.0,0.0,0.0,358,27,388,55
1736955333.3551898,0.0,0.0,0.0,356,26,387,55
1736955333.4210315,0.0,0.0,0.0,356,25,385,54
1736955333.476237,0.0,0.0,0.0,354,25,385,55
1736955333.5340748,0.0,0.0,0.0,353,25,385,54
1736955333.5934682,0.0,0.0,0.0,352,25,384,53
1736955333.6646817,0.0,0.0,0.0,351,25,383,51
1736955333.7213523,0.0,0.0,0.0,351,26,385,52
1736955333.779864,0.0,0.0,0.0,350,27,383,49
1736955333.8376436,0.0,0.0,0.0,348,28,383,48
1736955333.894191,0.0,0.0,0.0,348,28,385,50
1736955333.961199,0.0,0.0,0.0,347,28,382,47
1736955334.0174563,0.0,0.0,0.0,347,28,384,50
1736955334.0740137,0.0,0.0,0.0,345,30,379,48
1736955334.1424005,0.0,0.0,0.0,347,29,378,50
1736955334.199694,0.0,0.0,0.0,346,29,382,56
1736955334.2545233,0.0,0.0,0.0,346,29,379,55
1736955334.3214676,0.0,0.0,0.0,346,30,381,59
1736955334.37739,0.0,0.0,0.0,346,30,381,60
1736955334.4349313,0.0,0.0,0.0,345,31,380,60
1736955334.494372,0.0,0.0,0.0,345,32,380,62
1736955334.5621517,0.0,0.0,0.0,344,32,379,61
1736955334.618682,0.0,0.0,0.0,344,32,379,62
1736955334.676447,0.0,0.0,0.0,344,33,379,61
1736955334.7442007,0.0,0.0,0.0,344,35,379,61
1736955334.8009229,0.0,0.0,0.0,344,36,381,63
1736955334.8549516,0.0,0.0,0.0,345,37,379,61
1736955334.9150126,0.0,0.0,0.0,345,37,378,60
1736955334.9824765,0.0,0.0,0.0,343,39,377,60
1736955335.037481,0.0,0.0,0.0,342,40,378,63
1736955335.0959022,0.0,0.0,0.0,343,39,376,62
1736955335.1551692,0.0,0.0,0.0,342,40,376,62
1736955335.2157743,0.0,0.0,0.0,341,40,374,62
1736955335.2833261,0.0,0.0,0.0,340,40,376,66
1736955335.3403187,0.0,0.0,0.0,339,41,372,64
1736955335.3966053,0.0,0.0,0.0,338,41,371,64
1736955335.4661736,0.0,0.0,0.0,337,42,370,64
1736955335.5228326,0.0,0.0,0.0,337,41,369,64
1736955335.582064,0.0,0.0,0.0,335,42,369,64
1736955335.6406639,0.0,0.0,0.0,335,43,368,63
1736955335.6974788,0.0,0.0,0.0,335,44,368,62
1736955335.7662363,0.0,0.0,0.0,332,47,368,61
1736955335.8227525,0.0,0.0,0.0,333,48,368,61
1736955335.8816295,0.0,0.0,0.0,333,48,371,64
1736955335.9453218,0.0,0.0,0.0,333,47,369,62
1736955336.0029888,0.0,0.0,0.0,333,48,369,62
1736955336.0581295,0.0,0.0,0.0,333,49,369,63
1736955336.1179926,0.0,0.0,0.0,331,49,367,63
1736955336.1836963,0.0,0.0,0.0,331,51,367,64
1736955336.2413666,0.0,0.0,0.0,329,51,369,69
1736955336.2974787,0.0,0.0,0.0,328,53,365,66
1736955336.3672984,0.0,0.0,0.0,328,51,365,67
1736955336.4238443,0.0,0.0,0.0,327,52,363,66
1736955336.4798162,0.0,0.0,0.0,326,53,363,67
1736955336.53739,0.0,0.0,0.0,325,53,362,66
1736955336.6053624,0.0,0.0,0.0,325,53,362,67
1736955336.6620421,0.0,0.0,0.0,324,54,361,66
1736955336.7191067,0.0,0.0,0.0,323,55,362,66
1736955336.7862928,0.0,0.0,0.0,324,56,366,69
1736955336.8417027,0.0,0.0,0.0,325,57,363,67
1736955336.8992536,0.0,0.0,0.0,325,58,366,70
1736955336.9652908,0.0,0.0,0.0,326,58,367,71
1736955337.0213273,0.0,0.0,0.0,325,59,361,68
1736955337.0788193,0.0,0.0,0.0,324,59,363,70
1736955337.138459,0.0,0.0,0.0,323,60,361,70
1736955337.2040715,0.0,0.0,0.0,322,62,360,71
1736955337.259688,0.0,0.0,0.0,321,61,359,71
1736955337.3191166,0.0,0.0,0.0,319,63,358,72
1736955337.388269,0.0,0.0,0.0,318,64,358,73
1736955337.443752,0.0,0.0,0.0,317,65,356,73
1736955337.5002737,0.0,0.0,0.0,316,65,356,73
1736955337.565335,0.0,0.0,0.0,315,65,355,72
1736955337.6222587,0.0,0.0,0.0,315,65,354,72
1736955337.680243,0.0,0.0,0.0,315,66,354,72
1736955337.738635,0.0,0.0,0.0,315,66,354,71
1736955337.799444,0.0,0.0,0.0,315,66,354,71
1736955337.8686666,0.0,0.0,0.0,315,67,353,70
1736955337.9245546,0.0,0.0,0.0,316,67,353,71
1736955337.9799347,0.0,0.0,0.0,316,67,352,71
1736955338.0396817,0.0,0.0,0.0,315,69,352,72
1736955338.107535,0.0,0.0,0.0,314,70,352,72
1736955338.1637926,0.0,0.0,0.0,313,71,350,73
1736955338.2201157,0.0,0.0,0.0,312,71,349,73
1736955338.2854834,0.0,0.0,0.0,311,72,349,75
1736955338.341525,0.0,0.0,0.0,310,73,348,75
1736955338.4008267,0.0,0.0,0.0,308,73,347,75
1736955338.4665344,0.0,0.0,0.0,307,74,346,76
1736955338.5226765,0.0,0.0,0.0,306,74,345,75
1736955338.5810766,0.0,0.0,0.0,305,74,345,75
1736955338.6401367,0.0,0.0,0.0,305,74,344,74
1736955338.707398,0.0,0.0,0.0,305,75,344,73
1736955338.7635372,0.0,0.0,0.0,304,75,343,73
1736955338.8218262,0.0,0.0,0.0,305,76,343,73
1736955338.8808491,0.0,0.0,0.0,305,77,343,74
1736955338.9418094,0.0,0.0,0.0,305,76,341,73
1736955339.002335,0.0,0.0,0.0,304,79,341,74
1736955339.0691297,0.0,0.0,0.0,304,79,340,75
1736955339.1257026,0.0,0.0,0.0,304,80,339,76
1736955339.185662,0.0,0.0,0.0,303,82,340,77
1736955339.242795,0.0,0.0,0.0,301,81,339,78
1736955339.309754,0.0,0.0,0.0,301,84,338,78
1736955339.3663404,0.0,0.0,0.0,300,85,337,79
1736955339.4238124,0.0,0.0,0.0,299,86,337,79
1736955339.4818838,0.0,0.0,0.0,298,86,336,79
1736955339.5479798,0.0,0.0,0.0,297,87,335,79
1736955339.6036406,0.0,0.0,0.0,297,87,334,78
1736955339.6622655,0.0,0.0,0.0,296,87,332,78
1736955339.7304173,0.0,0.0,0.0,296,87,333,77
1736955339.7877073,0.0,0.0,0.0,296,88,332,78
1736955339.844811,0.0,0.0,0.0,296,89,332,78
1736955339.9055004,0.0,0.0,0.0,296,89,330,77
1736955339.9640124,0.0,0.0,0.0,296,90,330,78
1736955340.0218284,0.0,0.0,0.0,295,90,330,79
1736955340.0901918,0.0,0.0,0.0,295,92,330,80
1736955340.1463933,0.0,0.0,0.0,295,93,330,82
1736955340.2037947,0.0,0.0,0.0,294,94,330,83
1736955340.2675285,0.0,0.0,0.0,293,95,329,83
1736955340.32323,0.0,0.0,0.0,293,95,329,84
1736955340.3895657,0.0,0.0,0.0,293,96,327,84
1736955340.4475958,0.0,0.0,0.0,292,97,327,84
1736955340.5035052,0.0,0.0,0.0,290,98,327,84
1736955340.5716634,0.0,0.0,0.0,290,99,325,84
1736955340.6276245,0.0,0.0,0.0,289,98,325,83
1736955340.6852543,0.0,0.0,0.0,289,99,323,83
1736955340.7438874,0.0,0.0,0.0,289,99,322,83
1736955340.811649,0.0,0.0,0.0,289,99,321,82
1736955340.8703077,0.0,0.0,0.0,290,102,321,83
1736955340.9253032,0.0,0.0,0.0,289,101,321,84
1736955340.9837136,0.0,0.0,0.0,289,102,322,84
1736955341.0518243,0.0,0.0,0.0,288,106,320,85
1736955341.1084533,0.0,0.0,0.0,289,105,320,86
1736955341.164709,0.0,0.0,0.0,288,107,322,88
1736955341.223647,0.0,0.0,0.0,288,108,320,88
1736955341.2917137,0.0,0.0,0.0,288,108,321,89
1736955341.347476,0.0,0.0,0.0,287,109,321,89
1736955341.40472,0.0,0.0,0.0,287,110,321,90
1736955341.4716399,0.0,0.0,0.0,286,111,320,89
1736955341.5258107,0.0,0.0,0.0,286,111,319,89
1736955341.5909426,0.0,0.0,0.0,286,111,318,90
1736955341.6461477,0.0,0.0,0.0,285,112,322,90
1736955341.7048512,0.0,0.0,0.0,284,113,316,89
1736955341.7743552,0.0,0.0,0.0,285,115,316,90
1736955341.8286602,0.0,0.0,0.0,284,116,317,92
1736955341.8840642,0.0,0.0,0.0,284,117,314,91
1736955341.9507153,0.0,0.0,0.0,285,117,312,91
1736955342.0088775,0.0,0.0,0.0,285,119,313,92
1736955342.0646224,0.0,0.0,0.0,285,120,317,95
1736955342.1241012,0.0,0.0,0.0,285,122,317,97
1736955342.1912138,0.0,0.0,0.0,285,123,315,96
1736955342.248749,0.0,0.0,0.0,285,123,319,98
1736955342.306317,0.0,0.0,0.0,285,126,319,98
1736955342.3743546,0.0,0.0,0.0,285,125,316,98
1736955342.4311044,0.0,0.0,0.0,285,125,318,98
1736955342.489391,0.0,0.0,0.0,285,126,317,98
1736955342.545298,0.0,0.0,0.0,284,127,317,98
1736955342.6052763,0.0,0.0,0.0,284,127,316,98
1736955342.672891,0.0,0.0,0.0,284,128,315,99
1736955342.728576,0.0,0.0,0.0,283,129,315,99
1736955342.7851942,0.0,0.0,0.0,283,130,314,100
1736955342.9188266,0.0,0.0,0.0,283,131,313,101
1736955342.9424298,0.0,0.0,0.0,284,133,312,102
1736955342.9666548,0.0,0.0,0.0,284,134,313,103
1736955343.025782,0.0,0.0,0.0,285,136,312,104
1736955343.0961637,0.0,0.0,0.0,286,137,313,105
1736955343.1558113,0.0,0.0,0.0,286,138,313,106
1736955343.2114356,0.0,0.0,0.0,286,139,314,107
1736955343.267791,0.0,0.0,0.0,286,139,315,107
1736955343.326185,0.0,0.0,0.0,287,141,315,108
1736955343.39347,0.0,0.0,0.0,287,141,314,109
1736955343.4489005,0.0,0.0,0.0,286,141,314,108
1736955343.5078244,0.0,0.0,0.0,286,141,314,109
1736955343.5673149,0.0,0.0,0.0,285,142,312,108
1736955343.633758,0.0,0.0,0.0,285,143,312,109
1736955343.6913435,0.0,0.0,0.0,285,144,311,109
1736955343.7497563,0.0,0.0,0.0,285,145,309,110
1736955343.80729,0.0,0.0,0.0,286,147,310,112
1736955343.8675785,0.0,0.0,0.0,286,148,309,112
1736955343.9261725,0.0,0.0,0.0,286,149,308,113
1736955343.9941852,0.0,0.0,0.0,287,151,308,114
1736955344.052241,0.0,0.0,0.0,288,152,309,115
1736955344.1107438,0.0,0.0,0.0,288,153,310,117
1736955344.1785758,0.0,0.0,0.0,288,154,310,118
1736955344.2345512,0.0,0.0,0.0,289,155,310,118
1736955344.2895865,0.0,0.0,0.0,290,156,311,119
1736955344.3553503,0.0,0.0,0.0,291,157,311,119
1736955344.412686,0.0,0.0,0.0,290,157,311,120
1736955344.4684803,0.0,0.0,0.0,289,157,310,119
1736955344.5363414,0.0,0.0,0.0,289,158,309,119
1736955344.591561,0.0,0.0,0.0,289,158,308,120
1736955344.6496456,0.0,0.0,0.0,288,159,307,120
1736955344.7087066,0.0,0.0,0.0,288,160,306,121
1736955344.7779067,0.0,0.0,0.0,288,161,306,122
1736955344.8376665,0.0,0.0,0.0,289,163,305,123
1736955344.8942876,0.0,0.0,0.0,289,165,305,125
1736955344.95092,0.0,0.0,0.0,290,166,305,126
1736955345.017734,0.0,0.0,0.0,291,167,304,127
1736955345.075205,0.0,0.0,0.0,292,168,305,128
1736955345.1313674,0.0,0.0,0.0,292,169,306,129
1736955345.1881418,0.0,0.0,0.0,293,170,307,130
1736955345.2577577,0.0,0.0,0.0,293,171,307,130
1736955345.314186,0.0,0.0,0.0,294,171,308,131
1736955345.3711722,0.0,0.0,0.0,293,171,307,131
1736955345.4378226,0.0,0.0,0.0,293,171,307,131
1736955345.4961338,0.0,0.0,0.0,292,172,306,131
1736955345.5549085,0.0,0.0,0.0,292,172,305,131
1736955345.6122005,0.0,0.0,0.0,291,172,304,132
1736955345.6696136,0.0,0.0,0.0,292,175,302,133
1736955345.729597,0.0,0.0,0.0,293,176,303,133
1736955345.7986443,0.0,0.0,0.0,293,177,302,134
1736955345.8546379,0.0,0.0,0.0,294,179,302,136
1736955345.911357,0.0,0.0,0.0,295,180,302,138
1736955345.9695575,0.0,0.0,0.0,295,182,302,139
1736955346.037457,0.0,0.0,0.0,297,182,302,140
1736955346.0941556,0.0,0.0,0.0,297,184,303,142
1736955346.150769,0.0,0.0,0.0,298,184,304,142
1736955346.2108219,0.0,0.0,0.0,299,185,304,143
1736955346.2781203,0.0,0.0,0.0,299,185,305,143
1736955346.3363829,0.0,0.0,0.0,299,185,305,143
1736955346.396323,0.0,0.0,0.0,298,185,303,144
1736955346.4522524,0.0,0.0,0.0,297,185,302,143
1736955346.510612,0.0,0.0,0.0,297,186,301,143
1736955346.57832,0.0,0.0,0.0,297,187,301,144
1736955346.6342282,0.0,0.0,0.0,297,186,300,144
1736955346.6915898,0.0,0.0,0.0,298,188,299,146
1736955346.7513914,0.0,0.0,0.0,299,189,299,147
1736955346.810134,0.0,0.0,0.0,300,190,299,148
1736955346.877885,0.0,0.0,0.0,301,192,300,149
1736955346.9349322,0.0,0.0,0.0,302,194,300,152
1736955346.9924521,0.0,0.0,0.0,303,196,301,153
1736955347.0598018,0.0,0.0,0.0,304,196,300,155
1736955347.1178114,0.0,0.0,0.0,305,196,302,155
1736955347.1745899,0.0,0.0,0.0,305,198,301,156
1736955347.2324908,0.0,0.0,0.0,306,197,302,157
1736955347.3001492,0.0,0.0,0.0,306,199,302,157
1736955347.3579223,0.0,0.0,0.0,305,199,302,157
1736955347.416421,0.0,0.0,0.0,305,199,301,157
1736955347.4741983,0.0,0.0,0.0,305,199,300,157
1736955347.5333703,0.0,0.0,0.0,304,199,300,157
1736955347.5996614,0.0,0.0,0.0,304,200,298,157
1736955347.657874,0.0,0.0,0.0,305,201,298,158
1736955347.7128036,0.0,0.0,0.0,306,202,298,160
1736955347.774115,0.0,0.0,0.0,308,203,298,161
1736955347.8322098,0.0,0.0,0.0,309,205,297,163
1736955347.9004605,0.0,0.0,0.0,310,206,298,164
1736955347.958336,0.0,0.0,0.0,311,207,299,166
1736955348.0141954,0.0,0.0,0.0,312,207,299,168
1736955348.0818017,0.0,0.0,0.0,314,209,300,169
1736955348.1398258,0.0,0.0,0.0,314,208,300,169
1736955348.1979501,0.0,0.0,0.0,314,209,300,169
1736955348.2567065,0.0,0.0,0.0,315,209,301,170
1736955348.3135004,0.0,0.0,0.0,314,209,301,169
1736955348.3819802,0.0,0.0,0.0,313,210,301,169
1736955348.4396245,0.0,0.0,0.0,314,209,301,169
1736955348.4981441,0.0,0.0,0.0,314,209,300,169
1736955348.554312,0.0,0.0,0.0,314,209,299,169
1736955348.613819,0.0,0.0,0.0,314,209,299,170
1736955348.6815186,0.0,0.0,0.0,315,211,298,172
1736955348.7393224,0.0,0.0,0.0,317,212,298,173
1736955348.7961967,0.0,0.0,0.0,318,213,299,175
1736955348.8544042,0.0,0.0,0.0,319,214,299,177
1736955348.921738,0.0,0.0,0.0,320,216,300,178
1736955348.9775896,0.0,0.0,0.0,321,215,301,180
1736955349.0355465,0.0,0.0,0.0,323,216,301,181
1736955349.0940864,0.0,0.0,0.0,324,216,302,181
1736955349.1598194,0.0,0.0,0.0,325,218,303,181
1736955349.2177029,0.0,0.0,0.0,325,217,303,181
1736955349.2756238,0.0,0.0,0.0,326,217,304,181
1736955349.3354552,0.0,0.0,0.0,326,216,304,180
1736955349.4034104,0.0,0.0,0.0,326,216,304,180
1736955349.4612086,0.0,0.0,0.0,325,217,304,180
1736955349.5198998,0.0,0.0,0.0,325,217,303,180
1736955349.5773826,0.0,0.0,0.0,326,216,303,181
1736955349.6351802,0.0,0.0,0.0,327,217,302,182
1736955349.69505,0.0,0.0,0.0,328,218,302,184
1736955349.7609673,0.0,0.0,0.0,329,218,302,185
1736955349.819129,0.0,0.0,0.0,331,220,303,187
1736955349.8763072,0.0,0.0,0.0,332,221,304,189
1736955349.9450767,0.0,0.0,0.0,333,221,305,190
1736955350.0021183,0.0,0.0,0.0,335,223,306,192
1736955350.060156,0.0,0.0,0.0,336,223,307,192
1736955350.1180553,0.0,0.0,0.0,337,222,307,191
1736955350.174743,0.0,0.0,0.0,338,222,308,191
1736955350.2441378,0.0,0.0,0.0,338,221,309,191
1736955350.30256,0.0,0.0,0.0,338,221,309,190
1736955350.360319,0.0,0.0,0.0,338,221,309,190
1736955350.4197338,0.0,0.0,0.0,338,220,308,190
1736955350.478396,0.0,0.0,0.0,338,220,308,190
1736955350.5365937,0.0,0.0,0.0,338,220,308,190
1736955350.6033788,0.0,0.0,0.0,338,220,308,191
1736955350.659846,0.0,0.0,0.0,339,221,307,192
1736955350.718343,0.0,0.0,0.0,341,222,307,194
1736955350.7756813,0.0,0.0,0.0,343,223,308,196
1736955350.8428466,0.0,0.0,0.0,344,224,309,197
1736955350.9031162,0.0,0.0,0.0,345,224,310,199
1736955350.9604533,0.0,0.0,0.0,346,225,311,200
1736955351.0177712,0.0,0.0,0.0,348,225,312,201
1736955351.0757413,0.0,0.0,0.0,349,224,312,201
1736955351.1433907,0.0,0.0,0.0,350,225,313,201
1736955351.200923,0.0,0.0,0.0,350,224,314,201
1736955351.2564983,0.0,0.0,0.0,350,223,314,200
1736955351.3244348,0.0,0.0,0.0,349,222,313,199
1736955351.381421,0.0,0.0,0.0,349,221,313,199
1736955351.4387953,0.0,0.0,0.0,349,220,312,198
1736955351.4986653,0.0,0.0,0.0,349,220,312,198
1736955351.565673,0.0,0.0,0.0,350,220,312,199
1736955351.6227639,0.0,0.0,0.0,351,221,313,199
1736955351.6812003,0.0,0.0,0.0,352,221,314,201
1736955351.740306,0.0,0.0,0.0,354,223,315,203
1736955351.7976718,0.0,0.0,0.0,356,224,316,205
1736955351.8652132,0.0,0.0,0.0,357,225,317,206
1736955351.9222422,0.0,0.0,0.0,359,225,318,208
1736955351.9793596,0.0,0.0,0.0,360,225,319,208
1736955352.039274,0.0,0.0,0.0,361,224,320,209
1736955352.1063879,0.0,0.0,0.0,361,223,321,208
1736955352.1653178,0.0,0.0,0.0,362,223,321,208
1736955352.2232492,0.0,0.0,0.0,362,221,321,206
1736955352.2848742,0.0,0.0,0.0,361,219,320,205
1736955352.3417368,0.0,0.0,0.0,361,218,320,204
1736955352.398196,0.0,0.0,0.0,361,217,319,203
1736955352.4652221,0.0,0.0,0.0,361,217,319,202
1736955352.522399,0.0,0.0,0.0,361,216,320,202
1736955352.578387,0.0,0.0,0.0,363,216,320,203
1736955352.6475778,0.0,0.0,0.0,364,217,321,205
1736955352.7044053,0.0,0.0,0.0,365,218,322,206
1736955352.761344,0.0,0.0,0.0,366,218,323,208
1736955352.8201032,0.0,0.0,0.0,368,218,324,208
1736955352.8792005,0.0,0.0,0.0,369,220,325,209
1736955352.9462936,0.0,0.0,0.0,370,219,327,212
1736955353.003062,0.0,0.0,0.0,370,218,327,210
1736955353.062037,0.0,0.0,0.0,371,216,328,210
1736955353.12007,0.0,0.0,0.0,372,216,329,208
1736955353.1813998,0.0,0.0,0.0,372,215,329,207
1736955353.239012,0.0,0.0,0.0,371,213,329,205
1736955353.306748,0.0,0.0,0.0,371,211,329,204
1736955353.3647318,0.0,0.0,0.0,371,211,328,202
1736955353.4213521,0.0,0.0,0.0,371,210,328,201
1736955353.4808042,0.0,0.0,0.0,371,209,328,201
1736955353.5475712,0.0,0.0,0.0,371,209,328,200
1736955353.6053352,0.0,0.0,0.0,373,209,329,202
1736955353.6626985,0.0,0.0,0.0,373,209,330,203
1736955353.720203,0.0,0.0,0.0,374,209,331,205
1736955353.7877517,0.0,0.0,0.0,376,210,332,205
1736955353.8444114,0.0,0.0,0.0,377,210,334,206
1736955353.9015992,0.0,0.0,0.0,378,211,336,207
1736955353.9608963,0.0,0.0,0.0,379,209,336,208
1736955354.020413,0.0,0.0,0.0,378,207,337,210
1736955354.088983,0.0,0.0,0.0,379,206,338,209
1736955354.1476436,0.0,0.0,0.0,380,205,339,207
1736955354.2047162,0.0,0.0,0.0,380,204,339,204
1736955354.2624183,0.0,0.0,0.0,381,204,339,204
1736955354.3278236,0.0,0.0,0.0,380,202,338,201
1736955354.3853714,0.0,0.0,0.0,380,201,337,199
1736955354.44219,0.0,0.0,0.0,380,201,338,198
1736955354.5023897,0.0,0.0,0.0,380,200,338,198
1736955354.5694146,0.0,0.0,0.0,381,200,338,200
1736955354.62437,0.0,0.0,0.0,381,200,339,201
1736955354.6783888,0.0,0.0,0.0,381,200,341,200
1736955354.7445338,0.0,0.0,0.0,383,199,343,202
1736955354.8012857,0.0,0.0,0.0,385,200,344,203
1736955354.8703244,0.0,0.0,0.0,386,200,345,204
1736955354.9275932,0.0,0.0,0.0,386,199,346,206
1736955354.9833953,0.0,0.0,0.0,387,198,347,207
1736955355.0419302,0.0,0.0,0.0,388,197,347,206
1736955355.1109135,0.0,0.0,0.0,388,197,348,205
1736955355.1679382,0.0,0.0,0.0,388,196,347,204
1736955355.22437,0.0,0.0,0.0,388,194,347,201
1736955355.2820938,0.0,0.0,0.0,388,192,348,199
1736955355.3511827,0.0,0.0,0.0,388,192,347,198
1736955355.4085052,0.0,0.0,0.0,389,192,347,198
1736955355.4658978,0.0,0.0,0.0,389,191,347,196
1736955355.5255153,0.0,0.0,0.0,389,190,347,196
1736955355.581448,0.0,0.0,0.0,390,190,348,196
1736955355.6413558,0.0,0.0,0.0,391,190,349,197
1736955355.7092748,0.0,0.0,0.0,390,189,350,198
1736955355.7658176,0.0,0.0,0.0,392,190,352,199
1736955355.8230503,0.0,0.0,0.0,392,189,353,201
1736955355.8914285,0.0,0.0,0.0,392,189,355,202
1736955355.947717,0.0,0.0,0.0,393,187,356,202
1736955356.003094,0.0,0.0,0.0,393,186,357,202
1736955356.062841,0.0,0.0,0.0,393,185,357,202
1736955356.1314445,0.0,0.0,0.0,394,185,357,201
1736955356.185841,0.0,0.0,0.0,394,184,356,199
1736955356.2437758,0.0,0.0,0.0,393,183,356,198
1736955356.3031676,0.0,0.0,0.0,393,181,356,196
1736955356.3637908,0.0,0.0,0.0,393,181,355,195
1736955356.4308534,0.0,0.0,0.0,393,180,355,193
1736955356.486556,0.0,0.0,0.0,393,180,355,193
1736955356.544054,0.0,0.0,0.0,394,179,356,193
1736955356.611016,0.0,0.0,0.0,394,178,356,193
1736955356.6676652,0.0,0.0,0.0,396,179,358,195
1736955356.7275715,0.0,0.0,0.0,395,178,359,196
1736955356.7863734,0.0,0.0,0.0,396,178,361,196
1736955356.8438451,0.0,0.0,0.0,397,177,363,197
1736955356.9108043,0.0,0.0,0.0,397,177,364,198
1736955356.9697206,0.0,0.0,0.0,398,176,365,198
1736955357.0260477,0.0,0.0,0.0,397,175,365,198
1736955357.0839207,0.0,0.0,0.0,398,174,365,197
1736955357.1518285,0.0,0.0,0.0,397,173,365,196
1736955357.208731,0.0,0.0,0.0,397,172,364,194
1736955357.266401,0.0,0.0,0.0,397,171,363,192
1736955357.3233857,0.0,0.0,0.0,398,171,363,190
1736955357.3914647,0.0,0.0,0.0,397,169,362,189
1736955357.4497516,0.0,0.0,0.0,397,168,362,188
1736955357.507589,0.0,0.0,0.0,396,168,362,188
1736955357.564938,0.0,0.0,0.0,397,167,363,188
1736955357.6308722,0.0,0.0,0.0,397,167,365,189
1736955357.6900232,0.0,0.0,0.0,399,166,366,190
1736955357.7476408,0.0,0.0,0.0,399,166,368,191
1736955357.806267,0.0,0.0,0.0,400,166,369,191
1736955357.8743248,0.0,0.0,0.0,400,166,371,193
1736955357.9324324,0.0,0.0,0.0,399,164,372,193
1736955357.989226,0.0,0.0,0.0,399,163,372,192
1736955358.0494323,0.0,0.0,0.0,399,162,372,192
1736955358.106409,0.0,0.0,0.0,399,162,372,191
1736955358.164847,0.0,0.0,0.0,399,161,371,189
1736955358.2295575,0.0,0.0,0.0,398,160,370,187
1736955358.2864604,0.0,0.0,0.0,398,159,369,186
1736955358.3464413,0.0,0.0,0.0,398,158,368,184
1736955358.4130032,0.0,0.0,0.0,397,157,368,184
1736955358.4715412,0.0,0.0,0.0,397,155,368,184
1736955358.5299392,0.0,0.0,0.0,397,155,368,183
1736955358.587906,0.0,0.0,0.0,397,154,370,184
1736955358.646166,0.0,0.0,0.0,396,153,371,184
1736955358.7146397,0.0,0.0,0.0,397,153,373,186
1736955358.7703733,0.0,0.0,0.0,398,152,374,186
1736955358.8270378,0.0,0.0,0.0,398,152,376,186
1736955358.8943274,0.0,0.0,0.0,398,152,378,187
1736955358.9514093,0.0,0.0,0.0,398,151,378,187
1736955359.0089543,0.0,0.0,0.0,397,151,378,186
1736955359.0673983,0.0,0.0,0.0,397,150,377,185
1736955359.1286771,0.0,0.0,0.0,396,149,376,184
1736955359.1861732,0.0,0.0,0.0,396,148,375,184
1736955359.2539446,0.0,0.0,0.0,395,147,374,181
1736955359.3119054,0.0,0.0,0.0,395,146,373,180
1736955359.3694851,0.0,0.0,0.0,394,144,372,179
1736955359.428674,0.0,0.0,0.0,394,143,373,179
1736955359.4898727,0.0,0.0,0.0,393,142,373,178
1736955359.5577383,0.0,0.0,0.0,392,141,373,178
1736955359.6135721,0.0,0.0,0.0,392,141,375,179
1736955359.6719325,0.0,0.0,0.0,392,140,377,180
1736955359.729841,0.0,0.0,0.0,392,140,378,180
1736955359.787331,0.0,0.0,0.0,393,140,380,180
1736955359.8476129,0.0,0.0,0.0,393,140,380,180
1736955359.9072974,0.0,0.0,0.0,393,140,381,180
1736955359.9734764,0.0,0.0,0.0,392,139,381,180
1736955360.0316525,0.0,0.0,0.0,392,139,381,179
1736955360.089756,0.0,0.0,0.0,391,138,380,178
1736955360.147836,0.0,0.0,0.0,390,137,379,178
1736955360.2175846,0.0,0.0,0.0,389,136,378,177
1736955360.2738163,0.0,0.0,0.0,388,135,377,176
1736955360.331388,0.0,0.0,0.0,389,133,376,175
1736955360.3894274,0.0,0.0,0.0,387,133,376,174
1736955360.4486632,0.0,0.0,0.0,385,131,376,173
1736955360.5083792,0.0,0.0,0.0,384,131,376,172
1736955360.5763574,0.0,0.0,0.0,384,130,376,172
1736955360.6317759,0.0,0.0,0.0,384,129,378,172
1736955360.6882625,0.0,0.0,0.0,385,129,379,173
1736955360.756005,0.0,0.0,0.0,385,129,380,172
1736955360.8133264,0.0,0.0,0.0,386,129,382,172
1736955360.8708367,0.0,0.0,0.0,386,130,382,172
1736955360.9287748,0.0,0.0,0.0,385,129,382,172
1736955360.995186,0.0,0.0,0.0,385,129,382,172
1736955361.0544548,0.0,0.0,0.0,384,128,382,171
1736955361.1131237,0.0,0.0,0.0,383,128,381,171
1736955361.1704586,0.0,0.0,0.0,382,128,380,170
1736955361.2378342,0.0,0.0,0.0,380,126,379,169
1736955361.2964292,0.0,0.0,0.0,379,125,378,168
1736955361.3527336,0.0,0.0,0.0,378,124,377,167
1736955361.4124117,0.0,0.0,0.0,376,123,377,166
1736955361.4798887,0.0,0.0,0.0,375,122,376,165
1736955361.5347445,0.0,0.0,0.0,374,121,376,165
1736955361.5925934,0.0,0.0,0.0,374,121,377,164
1736955361.65096,0.0,0.0,0.0,374,120,378,164
1736955361.7179043,0.0,0.0,0.0,375,120,379,164
1736955361.7757986,0.0,0.0,0.0,376,120,380,164
1736955361.836301,0.0,0.0,0.0,376,120,381,163
1736955361.8915014,0.0,0.0,0.0,375,121,382,163
1736955361.9507039,0.0,0.0,0.0,376,120,381,163
1736955362.0183964,0.0,0.0,0.0,374,120,381,163
1736955362.073721,0.0,0.0,0.0,373,120,380,162
1736955362.1308663,0.0,0.0,0.0,371,120,379,162
1736955362.1981812,0.0,0.0,0.0,370,120,379,162
1736955362.2553964,0.0,0.0,0.0,368,119,377,162
1736955362.3124723,0.0,0.0,0.0,366,118,376,161
1736955362.3713262,0.0,0.0,0.0,364,118,375,160
1736955362.4305282,0.0,0.0,0.0,363,116,375,159
1736955362.499813,0.0,0.0,0.0,361,116,374,159
1736955362.5560458,0.0,0.0,0.0,361,116,374,158
1736955362.6125255,0.0,0.0,0.0,361,115,374,158
1736955362.6808958,0.0,0.0,0.0,361,115,375,157
1736955362.7360244,0.0,0.0,0.0,361,114,376,156
1736955362.7920566,0.0,0.0,0.0,360,117,376,156
1736955362.8596952,0.0,0.0,0.0,360,117,376,156
1736955362.9184465,0.0,0.0,0.0,360,118,377,156
1736955362.9764955,0.0,0.0,0.0,359,118,377,155
1736955363.0331044,0.0,0.0,0.0,357,118,376,155
1736955363.1020248,0.0,0.0,0.0,357,118,375,156
1736955363.159641,0.0,0.0,0.0,355,117,374,156
1736955363.2152312,0.0,0.0,0.0,354,117,373,156
1736955363.2752948,0.0,0.0,0.0,353,115,372,155
1736955363.3322816,0.0,0.0,0.0,352,114,370,154
1736955363.4014351,0.0,0.0,0.0,349,114,370,153
1736955363.4574754,0.0,0.0,0.0,348,113,369,153
1736955363.5133262,0.0,0.0,0.0,347,113,368,153
1736955363.571916,0.0,0.0,0.0,347,111,368,152
1736955363.6420586,0.0,0.0,0.0,345,114,368,152
1736955363.697492,0.0,0.0,0.0,345,115,369,151
1736955363.7541735,0.0,0.0,0.0,344,115,369,150
1736955363.8216364,0.0,0.0,0.0,343,116,369,149
1736955363.8792255,0.0,0.0,0.0,344,116,370,149
1736955363.941693,0.0,0.0,0.0,343,117,369,149
1736955363.996665,0.0,0.0,0.0,342,117,369,149
1736955364.0565546,0.0,0.0,0.0,341,117,367,148
1736955364.113231,0.0,0.0,0.0,339,117,367,149
1736955364.1808574,0.0,0.0,0.0,338,117,366,149
1736955364.2383919,0.0,0.0,0.0,337,116,364,149
1736955364.2957296,0.0,0.0,0.0,336,116,363,148
1736955364.3533025,0.0,0.0,0.0,334,115,362,147
1736955364.4136705,0.0,0.0,0.0,333,114,361,147
1736955364.4824145,0.0,0.0,0.0,331,114,360,146
1736955364.5422084,0.0,0.0,0.0,330,114,360,145
1736955364.6012597,0.0,0.0,0.0,329,115,360,145
1736955364.659197,0.0,0.0,0.0,329,115,358,143
1736955364.7176783,0.0,0.0,0.0,328,115,360,143
1736955364.7754252,0.0,0.0,0.0,328,116,360,142
1736955364.8348289,0.0,0.0,0.0,328,116,359,142
1736955364.8947616,0.0,0.0,0.0,328,116,359,141
1736955364.9615884,0.0,0.0,0.0,327,116,358,140
1736955365.0166304,0.0,0.0,0.0,326,117,358,140
1736955365.0812085,0.0,0.0,0.0,324,117,357,141
1736955365.1385412,0.0,0.0,0.0,323,117,356,141
1736955365.1953616,0.0,0.0,0.0,322,117,355,142
1736955365.2635658,0.0,0.0,0.0,321,116,353,141
1736955365.3212044,0.0,0.0,0.0,319,117,353,139
1736955365.3792064,0.0,0.0,0.0,318,116,353,139
1736955365.4362435,0.0,0.0,0.0,316,116,352,138
1736955365.49396,0.0,0.0,0.0,315,116,351,137
1736955365.5623152,0.0,0.0,0.0,314,116,350,137
1736955365.6193283,0.0,0.0,0.0,314,116,350,136
1736955365.6773386,0.0,0.0,0.0,314,116,348,135
1736955365.7358963,0.0,0.0,0.0,313,117,350,136
1736955365.7960525,0.0,0.0,0.0,313,118,348,134
1736955365.8638604,0.0,0.0,0.0,312,118,348,133
1736955365.9229658,0.0,0.0,0.0,312,118,348,134
1736955365.978092,0.0,0.0,0.0,309,120,347,134
1736955366.0356102,0.0,0.0,0.0,308,121,345,134
1736955366.1023593,0.0,0.0,0.0,309,119,345,134
1736955366.1583939,0.0,0.0,0.0,308,119,344,135
1736955366.2234635,0.0,0.0,0.0,306,119,344,135
1736955366.2797563,0.0,0.0,0.0,305,119,343,135
1736955366.3363073,0.0,0.0,0.0,304,119,342,133
1736955366.4033008,0.0,0.0,0.0,302,119,341,134
1736955366.462081,0.0,0.0,0.0,301,119,340,133
1736955366.5194178,0.0,0.0,0.0,300,119,340,132
1736955366.5759656,0.0,0.0,0.0,299,120,338,131
1736955366.6453779,0.0,0.0,0.0,299,121,337,131
1736955366.701703,0.0,0.0,0.0,297,123,337,130
1736955366.7597244,0.0,0.0,0.0,297,122,336,130
1736955366.8238227,0.0,0.0,0.0,297,122,336,130
1736955366.8837786,0.0,0.0,0.0,297,122,335,129
1736955366.9387836,0.0,0.0,0.0,296,122,335,129
1736955366.9959652,0.0,0.0,0.0,296,122,335,130
1736955367.0565364,0.0,0.0,0.0,295,123,333,130
1736955367.123851,0.0,0.0,0.0,293,124,332,130
1736955367.1813886,0.0,0.0,0.0,292,125,332,131
1736955367.23861,0.0,0.0,0.0,290,125,331,131
1736955367.29668,0.0,0.0,0.0,290,124,330,131
1736955367.3647988,0.0,0.0,0.0,288,124,329,131
1736955367.4222221,0.0,0.0,0.0,288,125,329,131
1736955367.4773316,0.0,0.0,0.0,286,126,327,130
1736955367.5464659,0.0,0.0,0.0,285,127,326,130
1736955367.604177,0.0,0.0,0.0,285,126,325,129
1736955367.6626465,0.0,0.0,0.0,285,126,324,128
1736955367.7190802,0.0,0.0,0.0,285,126,324,127
1736955367.7787495,0.0,0.0,0.0,285,126,324,127
1736955367.8438654,0.0,0.0,0.0,284,127,323,126
1736955367.9017403,0.0,0.0,0.0,284,128,323,127
1736955367.959759,0.0,0.0,0.0,284,127,322,127
1736955368.018674,0.0,0.0,0.0,283,128,321,127
1736955368.0776424,0.0,0.0,0.0,282,129,320,128
1736955368.1473083,0.0,0.0,0.0,281,129,319,129
1736955368.2063477,0.0,0.0,0.0,280,130,318,129
1736955368.2612612,0.0,0.0,0.0,279,131,318,129
1736955368.3189857,0.0,0.0,0.0,277,132,317,130
1736955368.3790116,0.0,0.0,0.0,276,132,317,130
1736955368.4452348,0.0,0.0,0.0,275,133,318,130
1736955368.5033321,0.0,0.0,0.0,275,133,314,129
1736955368.559828,0.0,0.0,0.0,274,133,313,128
1736955368.6187565,0.0,0.0,0.0,274,133,312,127
1736955368.6838615,0.0,0.0,0.0,273,135,312,126
1736955368.74112,0.0,0.0,0.0,273,133,311,126
1736955368.7984169,0.0,0.0,0.0,272,133,310,126
1736955368.8622751,0.0,0.0,0.0,272,133,309,127
1736955368.919328,0.0,0.0,0.0,272,133,309,127
1736955368.980314,0.0,0.0,0.0,271,135,309,127
1736955369.0460134,0.0,0.0,0.0,271,137,308,128
1736955369.101995,0.0,0.0,0.0,271,138,307,129
1736955369.1601553,0.0,0.0,0.0,270,139,307,130
1736955369.218972,0.0,0.0,0.0,269,140,307,131
1736955369.2853045,0.0,0.0,0.0,268,140,306,131
1736955369.343858,0.0,0.0,0.0,267,141,305,131
1736955369.4011858,0.0,0.0,0.0,266,142,304,131
1736955369.4605746,0.0,0.0,0.0,265,142,303,131
1736955369.5255175,0.0,0.0,0.0,264,142,302,131
1736955369.5843327,0.0,0.0,0.0,264,143,302,130
1736955369.643793,0.0,0.0,0.0,263,143,300,129
1736955369.7009342,0.0,0.0,0.0,263,143,300,129
1736955369.7602746,0.0,0.0,0.0,263,143,298,129
1736955369.828317,0.0,0.0,0.0,263,144,297,129
1736955369.8847787,0.0,0.0,0.0,263,145,297,129
1736955369.9435077,0.0,0.0,0.0,263,145,297,130
1736955370.0012095,0.0,0.0,0.0,262,147,297,131
1736955370.0686727,0.0,0.0,0.0,262,147,297,132
1736955370.1247847,0.0,0.0,0.0,262,148,297,133
1736955370.1816854,0.0,0.0,0.0,261,149,297,134
1736955370.2498674,0.0,0.0,0.0,261,150,297,134
1736955370.3056164,0.0,0.0,0.0,260,151,296,134
1736955370.3637476,0.0,0.0,0.0,259,151,295,134
1736955370.4261837,0.0,0.0,0.0,259,151,294,134
1736955370.4851937,0.0,0.0,0.0,257,152,294,134
1736955370.5421126,0.0,0.0,0.0,257,153,293,134
1736955370.6083553,0.0,0.0,0.0,257,153,292,133
1736955370.6665628,0.0,0.0,0.0,256,153,290,133
1736955370.7212746,0.0,0.0,0.0,256,153,290,133
1736955370.7890997,0.0,0.0,0.0,256,154,293,134
1736955370.8488722,0.0,0.0,0.0,256,155,289,134
1736955370.906065,0.0,0.0,0.0,257,155,288,134
1736955370.9637628,0.0,0.0,0.0,256,157,287,134
1736955371.028779,0.0,0.0,0.0,256,158,291,137
1736955371.0862546,0.0,0.0,0.0,256,159,288,136
1736955371.1417093,0.0,0.0,0.0,256,159,288,138
1736955371.2103944,0.0,0.0,0.0,255,161,290,139
1736955371.2664316,0.0,0.0,0.0,255,161,288,138
1736955371.3228388,0.0,0.0,0.0,254,162,291,138
1736955371.382546,0.0,0.0,0.0,253,162,289,138
1736955371.4458792,0.0,0.0,0.0,253,162,288,138
1736955371.503786,0.0,0.0,0.0,252,163,285,137
1736955371.5627658,0.0,0.0,0.0,252,163,286,138
1736955371.6305563,0.0,0.0,0.0,252,165,282,138
1736955371.6879888,0.0,0.0,0.0,252,166,284,138
1736955371.7458422,0.0,0.0,0.0,253,167,284,139
1736955371.8028283,0.0,0.0,0.0,253,167,281,139
1736955371.8714235,0.0,0.0,0.0,253,167,283,140
1736955371.926137,0.0,0.0,0.0,253,169,279,140
1736955371.9829006,0.0,0.0,0.0,253,170,280,141
1736955372.051421,0.0,0.0,0.0,253,172,284,143
1736955372.1091702,0.0,0.0,0.0,253,173,285,143
1736955372.1648448,0.0,0.0,0.0,253,172,285,144
1736955372.2236457,0.0,0.0,0.0,253,173,283,144
1736955372.2906878,0.0,0.0,0.0,253,174,284,144
1736955372.345368,0.0,0.0,0.0,252,174,284,144
1736955372.4086382,0.0,0.0,0.0,252,173,283,143
1736955372.463968,0.0,0.0,0.0,252,174,283,143
1736955372.529692,0.0,0.0,0.0,251,175,282,144
1736955372.587329,0.0,0.0,0.0,252,177,281,144
1736955372.6437106,0.0,0.0,0.0,252,178,280,145
1736955372.712672,0.0,0.0,0.0,252,179,279,146
1736955372.7684681,0.0,0.0,0.0,252,180,279,146
1736955372.8256981,0.0,0.0,0.0,253,181,275,147
1736955372.8926384,0.0,0.0,0.0,253,182,278,148
1736955372.948527,0.0,0.0,0.0,253,183,279,149
1736955373.0052197,0.0,0.0,0.0,254,185,279,150
1736955373.0646727,0.0,0.0,0.0,253,185,280,151
1736955373.133298,0.0,0.0,0.0,253,186,280,152
1736955373.1919038,0.0,0.0,0.0,254,186,280,152
1736955373.2472954,0.0,0.0,0.0,254,187,280,153
1736955373.306357,0.0,0.0,0.0,254,187,280,152
1736955373.3722086,0.0,0.0,0.0,254,187,280,152
1736955373.4303298,0.0,0.0,0.0,254,188,279,152
1736955373.4856594,0.0,0.0,0.0,254,189,278,152
1736955373.5438864,0.0,0.0,0.0,254,189,278,153
1736955373.609806,0.0,0.0,0.0,254,191,277,153
1736955373.6665852,0.0,0.0,0.0,255,192,276,155
1736955373.7260268,0.0,0.0,0.0,255,193,276,155
1736955373.7928896,0.0,0.0,0.0,255,195,275,157
1736955373.8502076,0.0,0.0,0.0,256,195,275,158
1736955373.9073925,0.0,0.0,0.0,256,197,274,159
1736955373.9654367,0.0,0.0,0.0,256,198,275,160
1736955374.0313566,0.0,0.0,0.0,257,199,276,161
1736955374.0921052,0.0,0.0,0.0,257,200,276,161
1736955374.1506002,0.0,0.0,0.0,258,200,276,162
1736955374.2055485,0.0,0.0,0.0,258,201,277,162
1736955374.2710712,0.0,0.0,0.0,258,201,277,162
1736955374.327613,0.0,0.0,0.0,258,202,277,162
1736955374.3861618,0.0,0.0,0.0,257,202,276,163
1736955374.4527638,0.0,0.0,0.0,258,203,275,163
1736955374.5089111,0.0,0.0,0.0,257,203,275,163
1736955374.567462,0.0,0.0,0.0,258,204,274,164
1736955374.6260734,0.0,0.0,0.0,258,205,274,165
1736955374.6931338,0.0,0.0,0.0,259,207,273,167
1736955374.7506783,0.0,0.0,0.0,259,208,273,167
1736955374.807355,0.0,0.0,0.0,259,209,272,169
1736955374.8657513,0.0,0.0,0.0,260,211,272,170
1736955374.9327881,0.0,0.0,0.0,261,211,272,171
1736955374.9906566,0.0,0.0,0.0,261,212,273,171
1736955375.0500631,0.0,0.0,0.0,261,213,274,173
1736955375.1072416,0.0,0.0,0.0,262,214,274,174
1736955375.1737335,0.0,0.0,0.0,263,214,274,173
1736955375.227788,0.0,0.0,0.0,263,215,275,174
1736955375.2923648,0.0,0.0,0.0,264,215,275,174
1736955375.3484495,0.0,0.0,0.0,263,215,274,174
1736955375.4157233,0.0,0.0,0.0,263,216,273,174
1736955375.4745317,0.0,0.0,0.0,263,216,273,175
1736955375.5295978,0.0,0.0,0.0,264,217,273,175
1736955375.5962274,0.0,0.0,0.0,264,218,272,176
1736955375.6543903,0.0,0.0,0.0,264,219,272,177
1736955375.7098856,0.0,0.0,0.0,265,220,271,178
1736955375.7694144,0.0,0.0,0.0,266,222,271,180
1736955375.8282082,0.0,0.0,0.0,266,223,271,181
1736955375.8956888,0.0,0.0,0.0,266,224,271,182
1736955375.9529285,0.0,0.0,0.0,268,225,271,183
1736955376.0113618,0.0,0.0,0.0,268,225,272,183
1736955376.069582,0.0,0.0,0.0,269,226,272,184
1736955376.1283262,0.0,0.0,0.0,269,227,272,184
1736955376.1973,0.0,0.0,0.0,270,227,273,184
1736955376.2532654,0.0,0.0,0.0,271,228,274,185
1736955376.3113408,0.0,0.0,0.0,270,228,274,185
1736955376.3683054,0.0,0.0,0.0,272,230,274,185
1736955376.4366357,0.0,0.0,0.0,272,230,274,185
1736955376.4947374,0.0,0.0,0.0,272,230,273,185
1736955376.5521402,0.0,0.0,0.0,273,231,272,186
1736955376.60912,0.0,0.0,0.0,272,230,270,188
1736955376.6777353,0.0,0.0,0.0,274,231,271,189
1736955376.733777,0.0,0.0,0.0,275,234,270,191
1736955376.7931943,0.0,0.0,0.0,274,234,271,192
1736955376.8491821,0.0,0.0,0.0,275,234,271,193
1736955376.9184434,0.0,0.0,0.0,276,236,271,194
1736955376.9747436,0.0,0.0,0.0,277,236,272,195
1736955377.0324275,0.0,0.0,0.0,278,237,272,195
1736955377.0918026,0.0,0.0,0.0,278,237,273,196
1736955377.149472,0.0,0.0,0.0,279,237,274,196
1736955377.2182198,0.0,0.0,0.0,280,237,273,197
1736955377.274969,0.0,0.0,0.0,280,237,273,198
1736955377.3315935,0.0,0.0,0.0,280,237,272,198
1736955377.3903499,0.0,0.0,0.0,281,237,272,198
1736955377.4558067,0.0,0.0,0.0,281,236,272,199
1736955377.5130916,0.0,0.0,0.0,282,237,271,199
1736955377.5702753,0.0,0.0,0.0,282,237,270,200
1736955377.6306365,0.0,0.0,0.0,283,238,270,201
1736955377.6908846,0.0,0.0,0.0,285,240,270,202
1736955377.751633,0.0,0.0,0.0,287,242,272,202
1736955377.818297,0.0,0.0,0.0,286,243,271,205
1736955377.8747191,0.0,0.0,0.0,288,243,272,205
1736955377.9337006,0.0,0.0,0.0,291,244,272,206
1736955377.990831,0.0,0.0,0.0,291,245,273,206
1736955378.0593498,0.0,0.0,0.0,291,246,272,208
1736955378.1161642,0.0,0.0,0.0,292,246,273,208
1736955378.1740274,0.0,0.0,0.0,292,246,273,209
1736955378.2323885,0.0,0.0,0.0,293,245,274,209
1736955378.297508,0.0,0.0,0.0,292,245,273,209
1736955378.3523128,0.0,0.0,0.0,292,245,273,209
1736955378.4179525,0.0,0.0,0.0,293,244,272,209
1736955378.4732726,0.0,0.0,0.0,293,244,272,209
1736955378.5317512,0.0,0.0,0.0,295,246,271,210
1736955378.5988445,0.0,0.0,0.0,295,246,271,211
1736955378.6561885,0.0,0.0,0.0,295,247,271,214
1736955378.7128768,0.0,0.0,0.0,296,249,272,215
1736955378.772346,0.0,0.0,0.0,298,250,272,216
1736955378.8418047,0.0,0.0,0.0,300,253,274,217
1736955378.896199,0.0,0.0,0.0,300,253,275,218
1736955378.953675,0.0,0.0,0.0,302,252,275,219
1736955379.0118127,0.0,0.0,0.0,302,254,276,220
1736955379.0790102,0.0,0.0,0.0,304,253,276,220
1736955379.1338367,0.0,0.0,0.0,303,253,277,220
1736955379.203204,0.0,0.0,0.0,303,252,277,220
1736955379.2593014,0.0,0.0,0.0,302,254,277,220
1736955379.3154442,0.0,0.0,0.0,303,251,277,220
1736955379.3738096,0.0,0.0,0.0,303,251,277,220
1736955379.4337852,0.0,0.0,0.0,303,251,276,220
1736955379.493814,0.0,0.0,0.0,301,253,275,221
1736955379.5611527,0.0,0.0,0.0,304,251,275,222
1736955379.6203144,0.0,0.0,0.0,303,254,275,223
1736955379.6774068,0.0,0.0,0.0,305,256,276,225
1736955379.7316372,0.0,0.0,0.0,305,256,277,227
1736955379.7953727,0.0,0.0,0.0,305,256,278,228
1736955379.8607426,0.0,0.0,0.0,309,258,279,230
1736955379.917624,0.0,0.0,0.0,310,260,280,231
1736955379.971737,0.0,0.0,0.0,310,260,281,232
1736955380.0361066,0.0,0.0,0.0,310,260,282,231
1736955380.0937579,0.0,0.0,0.0,317,257,282,231
1736955380.1606753,0.0,0.0,0.0,312,260,282,231
1736955380.2160108,0.0,0.0,0.0,312,260,282,230
1736955380.2833233,0.0,0.0,0.0,312,259,282,230
1736955380.3378572,0.0,0.0,0.0,311,258,281,230
1736955380.3937583,0.0,0.0,0.0,311,258,281,230
1736955380.4511714,0.0,0.0,0.0,311,258,281,230
1736955380.5139308,0.0,0.0,0.0,311,258,280,231
1736955380.5801008,0.0,0.0,0.0,311,258,280,232
1736955380.6339443,0.0,0.0,0.0,311,258,282,234
1736955380.6976547,0.0,0.0,0.0,311,258,282,236
1736955380.754686,0.0,0.0,0.0,318,263,283,238
1736955380.8218358,0.0,0.0,0.0,319,264,285,240
1736955380.8753972,0.0,0.0,0.0,319,264,286,241
1736955380.9353669,0.0,0.0,0.0,322,265,287,242
1736955381.002584,0.0,0.0,0.0,323,265,288,242
1736955381.058859,0.0,0.0,0.0,323,264,288,242
1736955381.1177049,0.0,0.0,0.0,322,264,288,241
1736955381.1746824,0.0,0.0,0.0,322,263,288,240
1736955381.2317386,0.0,0.0,0.0,322,263,287,239
1736955381.2966595,0.0,0.0,0.0,322,263,287,239
1736955381.3603816,0.0,0.0,0.0,322,263,286,238
1736955381.4128153,0.0,0.0,0.0,322,263,286,239
1736955381.4759386,0.0,0.0,0.0,322,263,286,239
1736955381.5356126,0.0,0.0,0.0,323,261,287,240
1736955381.599371,0.0,0.0,0.0,323,261,288,242
1736955381.657742,0.0,0.0,0.0,327,262,289,244
1736955381.724821,0.0,0.0,0.0,329,264,290,245
1736955381.7759478,0.0,0.0,0.0,330,265,291,247
1736955381.8422818,0.0,0.0,0.0,331,266,293,249
