1736956006.5257785,0.0,0.0,0.0,370,303,327,302
1736956006.5867817,0.0,0.0,0.0,371,302,327,302
1736956006.6413565,0.0,0.0,0.0,371,302,328,303
1736956006.710864,0.0,0.0,0.0,373,302,330,305
1736956006.770821,0.0,0.0,0.0,375,302,331,305
1736956006.8289058,0.0,0.0,0.0,376,302,334,307
1736956006.886194,0.0,0.0,0.0,378,302,335,308
1736956006.9430943,0.0,0.0,0.0,379,302,337,308
1736956007.0034373,0.0,0.0,0.0,380,301,337,307
1736956007.0699215,0.0,0.0,0.0,380,299,338,306
1736956007.1273937,0.0,0.0,0.0,381,298,339,306
1736956007.1825376,0.0,0.0,0.0,381,298,339,304
1736956007.251363,0.0,0.0,0.0,381,296,339,302
1736956007.3095171,0.0,0.0,0.0,381,294,339,301
1736956007.3685212,0.0,0.0,0.0,380,293,339,297
1736956007.423116,0.0,0.0,0.0,380,293,339,298
1736956007.4797125,0.0,0.0,0.0,380,293,338,295
1736956007.5502408,0.0,0.0,0.0,382,291,339,294
1736956007.6032014,0.0,0.0,0.0,382,291,340,296
1736956007.6700864,0.0,0.0,0.0,384,290,342,298
1736956007.7278805,0.0,0.0,0.0,385,290,342,299
1736956007.782211,0.0,0.0,0.0,385,290,345,299
1736956007.8467174,0.0,0.0,0.0,387,290,347,299
1736956007.9028134,0.0,0.0,0.0,388,289,348,299
1736956007.9706101,0.0,0.0,0.0,388,288,349,301
1736956008.028827,0.0,0.0,0.0,389,288,350,298
1736956008.084662,0.0,0.0,0.0,389,286,351,297
1736956008.150456,0.0,0.0,0.0,390,285,351,296
1736956008.2062092,0.0,0.0,0.0,390,285,351,293
1736956008.2629123,0.0,0.0,0.0,389,282,350,291
1736956008.3300877,0.0,0.0,0.0,389,281,349,292
1736956008.3897147,0.0,0.0,0.0,389,279,349,289
1736956008.4475188,0.0,0.0,0.0,389,278,349,290
1736956008.5039284,0.0,0.0,0.0,389,277,349,287
1736956008.5640876,0.0,0.0,0.0,389,277,350,289
1736956008.630075,0.0,0.0,0.0,389,277,351,287
1736956008.6831434,0.0,0.0,0.0,389,277,352,288
1736956008.747062,0.0,0.0,0.0,389,277,355,288
1736956008.8007019,0.0,0.0,0.0,389,277,357,290
1736956008.8710682,0.0,0.0,0.0,395,275,358,291
1736956008.9283211,0.0,0.0,0.0,396,274,359,291
1736956008.983778,0.0,0.0,0.0,396,273,361,292
1736956009.0539334,0.0,0.0,0.0,396,272,361,291
1736956009.1104681,0.0,0.0,0.0,396,271,361,290
1736956009.1715996,0.0,0.0,0.0,396,270,360,288
1736956009.229318,0.0,0.0,0.0,397,269,361,286
1736956009.2851667,0.0,0.0,0.0,396,267,360,284
1736956009.3446884,0.0,0.0,0.0,395,266,359,282
1736956009.4126582,0.0,0.0,0.0,395,264,359,281
1736956009.4680448,0.0,0.0,0.0,395,264,359,280
1736956009.5262134,0.0,0.0,0.0,395,262,359,279
1736956009.5925336,0.0,0.0,0.0,396,261,360,278
1736956009.6479578,0.0,0.0,0.0,396,261,361,279
1736956009.7125752,0.0,0.0,0.0,396,261,362,280
1736956009.7722795,0.0,0.0,0.0,398,260,364,281
1736956009.829283,0.0,0.0,0.0,399,259,366,281
1736956009.8847973,0.0,0.0,0.0,400,259,368,281
1736956009.953694,0.0,0.0,0.0,401,258,368,282
1736956010.0096035,0.0,0.0,0.0,401,257,369,281
1736956010.0667257,0.0,0.0,0.0,401,256,370,281
1736956010.1331863,0.0,0.0,0.0,401,255,369,279
1736956010.1902623,0.0,0.0,0.0,401,254,369,277
1736956010.2485318,0.0,0.0,0.0,401,253,369,275
1736956010.30662,0.0,0.0,0.0,400,251,368,274
1736956010.3659863,0.0,0.0,0.0,400,249,367,272
1736956010.4262445,0.0,0.0,0.0,399,248,367,270
1736956010.4950016,0.0,0.0,0.0,399,247,366,269
1736956010.5512729,0.0,0.0,0.0,400,246,367,269
1736956010.6072972,0.0,0.0,0.0,399,245,367,269
1736956010.6761541,0.0,0.0,0.0,400,244,369,269
1736956010.7322037,0.0,0.0,0.0,401,244,371,270
1736956010.789825,0.0,0.0,0.0,402,243,372,270
1736956010.8466594,0.0,0.0,0.0,402,243,373,271
1736956010.914593,0.0,0.0,0.0,403,242,375,270
1736956010.9709685,0.0,0.0,0.0,404,242,376,270
1736956011.027363,0.0,0.0,0.0,404,240,377,270
1736956011.0953758,0.0,0.0,0.0,404,239,377,269
1736956011.1524556,0.0,0.0,0.0,403,238,377,267
1736956011.208614,0.0,0.0,0.0,403,237,376,266
1736956011.2681153,0.0,0.0,0.0,402,235,375,264
1736956011.3350356,0.0,0.0,0.0,401,234,374,262
1736956011.3913362,0.0,0.0,0.0,401,232,373,261
1736956011.4487302,0.0,0.0,0.0,401,232,372,259
1736956011.5076814,0.0,0.0,0.0,401,230,372,257
1736956011.5766115,0.0,0.0,0.0,399,228,373,257
1736956011.632368,0.0,0.0,0.0,399,228,374,258
1736956011.6933305,0.0,0.0,0.0,400,227,375,258
1736956011.7487285,0.0,0.0,0.0,401,227,377,258
1736956011.8123603,0.0,0.0,0.0,402,226,379,259
1736956011.8691676,0.0,0.0,0.0,403,226,380,259
1736956011.936981,0.0,0.0,0.0,404,226,382,259
1736956011.9954722,0.0,0.0,0.0,404,225,383,258
1736956012.0524747,0.0,0.0,0.0,404,223,383,258
1736956012.112329,0.0,0.0,0.0,404,222,383,257
1736956012.17051,0.0,0.0,0.0,403,221,382,254
1736956012.2361932,0.0,0.0,0.0,402,219,380,254
1736956012.295255,0.0,0.0,0.0,401,218,379,252
1736956012.352697,0.0,0.0,0.0,400,216,378,250
1736956012.4099524,0.0,0.0,0.0,399,215,377,248
1736956012.4690957,0.0,0.0,0.0,399,213,377,247
1736956012.537011,0.0,0.0,0.0,398,212,377,247
1736956012.5936048,0.0,0.0,0.0,397,211,377,245
1736956012.6532042,0.0,0.0,0.0,398,210,378,245
1736956012.7100017,0.0,0.0,0.0,399,210,380,246
1736956012.779449,0.0,0.0,0.0,400,209,382,246
1736956012.8364944,0.0,0.0,0.0,401,209,384,246
1736956012.8942294,0.0,0.0,0.0,402,208,386,245
1736956012.951464,0.0,0.0,0.0,402,208,387,245
1736956013.0180428,0.0,0.0,0.0,402,207,387,245
1736956013.0723107,0.0,0.0,0.0,401,206,387,244
1736956013.1298535,0.0,0.0,0.0,401,204,386,243
1736956013.1982093,0.0,0.0,0.0,400,203,385,241
1736956013.256187,0.0,0.0,0.0,399,201,384,240
1736956013.3147693,0.0,0.0,0.0,397,200,382,238
1736956013.3725212,0.0,0.0,0.0,396,199,382,236
1736956013.4307942,0.0,0.0,0.0,395,197,381,236
1736956013.4893005,0.0,0.0,0.0,395,196,380,234
1736956013.5565853,0.0,0.0,0.0,394,194,380,233
1736956013.6131394,0.0,0.0,0.0,394,193,382,233
1736956013.6709585,0.0,0.0,0.0,395,193,384,234
1736956013.7374976,0.0,0.0,0.0,395,192,384,232
1736956013.795737,0.0,0.0,0.0,396,191,385,231
1736956013.85641,0.0,0.0,0.0,397,191,387,232
1736956013.914045,0.0,0.0,0.0,398,191,389,232
1736956013.972341,0.0,0.0,0.0,399,190,390,231
1736956014.04073,0.0,0.0,0.0,398,189,390,230
1736956014.0995111,0.0,0.0,0.0,397,189,389,230
1736956014.1554835,0.0,0.0,0.0,396,187,388,229
1736956014.214705,0.0,0.0,0.0,395,186,387,228
1736956014.2733831,0.0,0.0,0.0,393,185,386,226
1736956014.3314784,0.0,0.0,0.0,392,183,384,225
1736956014.400324,0.0,0.0,0.0,391,182,384,224
1736956014.4570732,0.0,0.0,0.0,390,180,382,222
1736956014.5132325,0.0,0.0,0.0,388,179,383,221
1736956014.5707319,0.0,0.0,0.0,388,178,382,220
1736956014.6955752,0.0,0.0,0.0,389,177,384,219
1736956014.7166295,0.0,0.0,0.0,389,176,385,219
1736956014.7607825,0.0,0.0,0.0,390,175,386,218
1736956014.81802,0.0,0.0,0.0,390,175,387,218
1736956014.8776958,0.0,0.0,0.0,391,174,388,217
1736956014.934027,0.0,0.0,0.0,392,174,390,216
1736956015.0015557,0.0,0.0,0.0,392,174,390,216
1736956015.059983,0.0,0.0,0.0,390,173,390,215
1736956015.1175964,0.0,0.0,0.0,390,172,389,215
1736956015.1734767,0.0,0.0,0.0,388,171,388,213
1736956015.2324486,0.0,0.0,0.0,387,170,387,213
1736956015.3006613,0.0,0.0,0.0,385,169,386,212
1736956015.3564928,0.0,0.0,0.0,385,167,384,211
1736956015.4133458,0.0,0.0,0.0,383,166,383,209
1736956015.4806352,0.0,0.0,0.0,382,164,382,208
1736956015.5411644,0.0,0.0,0.0,381,163,382,207
1736956015.59701,0.0,0.0,0.0,380,162,382,205
1736956015.6557631,0.0,0.0,0.0,381,161,383,204
1736956015.7205627,0.0,0.0,0.0,381,160,384,204
1736956015.7760692,0.0,0.0,0.0,382,159,385,203
1736956015.8323932,0.0,0.0,0.0,382,160,387,202
1736956015.9002175,0.0,0.0,0.0,382,159,387,202
1736956015.9585524,0.0,0.0,0.0,383,158,388,201
1736956016.0149395,0.0,0.0,0.0,382,158,388,200
1736956016.0793777,0.0,0.0,0.0,381,157,387,200
1736956016.1372843,0.0,0.0,0.0,379,157,387,199
1736956016.19491,0.0,0.0,0.0,378,156,385,199
1736956016.2542238,0.0,0.0,0.0,377,155,384,198
1736956016.3223574,0.0,0.0,0.0,376,154,383,197
1736956016.380657,0.0,0.0,0.0,374,153,381,195
1736956016.4397533,0.0,0.0,0.0,372,152,380,194
1736956016.4999173,0.0,0.0,0.0,371,150,379,192
1736956016.5577543,0.0,0.0,0.0,370,149,380,192
1736956016.6149125,0.0,0.0,0.0,370,147,380,190
1736956016.6814346,0.0,0.0,0.0,370,146,380,189
1736956016.7391372,0.0,0.0,0.0,370,145,381,188
1736956016.798095,0.0,0.0,0.0,370,145,382,187
1736956016.8559468,0.0,0.0,0.0,371,145,383,187
1736956016.915214,0.0,0.0,0.0,370,146,383,186
1736956016.9851942,0.0,0.0,0.0,370,145,384,185
1736956017.0415525,0.0,0.0,0.0,369,145,384,185
1736956017.0992315,0.0,0.0,0.0,369,143,383,184
1736956017.158017,0.0,0.0,0.0,368,143,382,184
1736956017.2155647,0.0,0.0,0.0,366,143,380,184
1736956017.2814372,0.0,0.0,0.0,365,142,379,183
1736956017.338666,0.0,0.0,0.0,363,141,378,182
1736956017.396043,0.0,0.0,0.0,361,140,377,181
1736956017.4556096,0.0,0.0,0.0,360,138,376,180
1736956017.5237322,0.0,0.0,0.0,358,137,375,178
1736956017.581102,0.0,0.0,0.0,358,136,375,177
1736956017.6381626,0.0,0.0,0.0,357,134,375,176
1736956017.6955183,0.0,0.0,0.0,357,134,376,174
1736956017.763346,0.0,0.0,0.0,357,133,376,174
1736956017.8198571,0.0,0.0,0.0,356,135,377,173
1736956017.8803751,0.0,0.0,0.0,356,135,377,172
1736956017.9367454,0.0,0.0,0.0,355,135,378,172
1736956017.9983895,0.0,0.0,0.0,355,135,377,171
1736956018.0567527,0.0,0.0,0.0,354,135,377,171
1736956018.1244543,0.0,0.0,0.0,354,134,376,171
1736956018.183328,0.0,0.0,0.0,353,134,375,170
1736956018.2407062,0.0,0.0,0.0,353,130,374,170
1736956018.2987688,0.0,0.0,0.0,352,130,372,168
1736956018.3573983,0.0,0.0,0.0,349,129,371,167
1736956018.4248607,0.0,0.0,0.0,348,128,370,165
1736956018.483144,0.0,0.0,0.0,346,126,369,165
1736956018.538784,0.0,0.0,0.0,344,126,368,164
1736956018.5978935,0.0,0.0,0.0,343,127,368,163
1736956018.6659346,0.0,0.0,0.0,342,127,368,162
1736956018.723673,0.0,0.0,0.0,341,127,369,161
1736956018.7806299,0.0,0.0,0.0,341,127,369,160
1736956018.8377247,0.0,0.0,0.0,340,128,369,159
1736956018.9045594,0.0,0.0,0.0,340,128,369,159
1736956018.9600976,0.0,0.0,0.0,340,127,369,158
1736956019.0264435,0.0,0.0,0.0,339,128,368,157
1736956019.0830667,0.0,0.0,0.0,339,128,369,157
1736956019.1415434,0.0,0.0,0.0,338,127,368,158
1736956019.1985574,0.0,0.0,0.0,337,127,365,156
1736956019.2664332,0.0,0.0,0.0,335,126,365,157
1736956019.3225174,0.0,0.0,0.0,334,126,364,156
1736956019.3797877,0.0,0.0,0.0,332,125,363,155
1736956019.4385378,0.0,0.0,0.0,330,124,362,154
1736956019.5048506,0.0,0.0,0.0,329,123,361,152
1736956019.5636017,0.0,0.0,0.0,327,123,360,151
1736956019.620024,0.0,0.0,0.0,326,122,359,150
1736956019.678543,0.0,0.0,0.0,325,122,359,148
1736956019.7470138,0.0,0.0,0.0,325,122,358,147
1736956019.8043833,0.0,0.0,0.0,325,121,358,146
1736956019.8614619,0.0,0.0,0.0,324,122,357,145
1736956019.9264472,0.0,0.0,0.0,324,122,357,145
1736956019.98293,0.0,0.0,0.0,324,123,357,144
1736956020.0410485,0.0,0.0,0.0,324,122,356,144
1736956020.1082025,0.0,0.0,0.0,322,123,355,144
1736956020.1639788,0.0,0.0,0.0,321,123,354,145
1736956020.218923,0.0,0.0,0.0,320,123,353,145
1736956020.2886076,0.0,0.0,0.0,319,123,352,143
1736956020.3453853,0.0,0.0,0.0,317,122,352,142
1736956020.4030614,0.0,0.0,0.0,315,121,351,141
1736956020.4604845,0.0,0.0,0.0,314,120,350,140
1736956020.5196607,0.0,0.0,0.0,312,120,349,139
1736956020.5794926,0.0,0.0,0.0,310,120,348,139
1736956020.6480727,0.0,0.0,0.0,309,120,346,137
1736956020.703604,0.0,0.0,0.0,308,120,344,136
1736956020.7633333,0.0,0.0,0.0,308,120,344,135
1736956020.8197114,0.0,0.0,0.0,306,121,344,135
1736956020.8792992,0.0,0.0,0.0,306,121,345,134
1736956020.9475853,0.0,0.0,0.0,306,121,344,134
1736956021.006523,0.0,0.0,0.0,306,121,344,134
1736956021.0621784,0.0,0.0,0.0,306,123,343,134
1736956021.1294572,0.0,0.0,0.0,304,123,342,135
1736956021.1867492,0.0,0.0,0.0,305,123,340,135
1736956021.2435656,0.0,0.0,0.0,304,122,341,135
1736956021.3001204,0.0,0.0,0.0,302,122,340,135
1736956021.3682315,0.0,0.0,0.0,301,121,340,135
1736956021.4253397,0.0,0.0,0.0,299,121,338,134
1736956021.4806473,0.0,0.0,0.0,297,121,337,133
1736956021.539993,0.0,0.0,0.0,296,121,334,132
1736956021.601122,0.0,0.0,0.0,294,121,333,131
1736956021.6606767,0.0,0.0,0.0,292,123,336,132
1736956021.7205234,0.0,0.0,0.0,292,122,332,129
1736956021.786268,0.0,0.0,0.0,292,121,331,128
1736956021.8424814,0.0,0.0,0.0,292,121,331,128
1736956021.9005592,0.0,0.0,0.0,292,121,332,128
1736956021.9680593,0.0,0.0,0.0,292,121,331,127
1736956022.0262098,0.0,0.0,0.0,292,122,330,127
1736956022.083619,0.0,0.0,0.0,291,123,329,127
1736956022.1405907,0.0,0.0,0.0,290,124,328,128
1736956022.207246,0.0,0.0,0.0,289,125,328,129
1736956022.2653725,0.0,0.0,0.0,287,125,327,130
1736956022.3245132,0.0,0.0,0.0,286,125,326,129
1736956022.3822517,0.0,0.0,0.0,284,124,324,129
1736956022.4496262,0.0,0.0,0.0,283,125,323,128
1736956022.5094962,0.0,0.0,0.0,282,125,322,128
1736956022.5662515,0.0,0.0,0.0,280,125,321,127
1736956022.6225786,0.0,0.0,0.0,279,125,320,126
1736956022.680784,0.0,0.0,0.0,279,124,319,125
1736956022.7425978,0.0,0.0,0.0,279,123,318,124
1736956022.8104274,0.0,0.0,0.0,278,123,318,123
1736956022.866234,0.0,0.0,0.0,278,123,318,123
1736956022.9227397,0.0,0.0,0.0,278,124,316,122
1736956022.982186,0.0,0.0,0.0,277,124,316,123
1736956023.048057,0.0,0.0,0.0,277,125,316,123
1736956023.105639,0.0,0.0,0.0,277,125,315,124
1736956023.1625628,0.0,0.0,0.0,276,127,315,125
1736956023.2300289,0.0,0.0,0.0,275,127,314,126
1736956023.2875884,0.0,0.0,0.0,274,128,313,126
1736956023.3435073,0.0,0.0,0.0,272,129,313,126
1736956023.4034257,0.0,0.0,0.0,271,128,311,125
1736956023.462825,0.0,0.0,0.0,270,129,310,125
1736956023.528596,0.0,0.0,0.0,269,129,309,124
1736956023.5859501,0.0,0.0,0.0,268,128,308,123
1736956023.6441805,0.0,0.0,0.0,267,129,306,122
1736956023.7028444,0.0,0.0,0.0,267,127,305,121
1736956023.7696261,0.0,0.0,0.0,266,127,305,121
1736956023.8265176,0.0,0.0,0.0,266,126,304,120
1736956023.8842597,0.0,0.0,0.0,265,127,303,120
1736956023.9423323,0.0,0.0,0.0,265,127,302,120
1736956024.0101938,0.0,0.0,0.0,265,129,301,121
1736956024.0682821,0.0,0.0,0.0,265,129,302,121
1736956024.126269,0.0,0.0,0.0,264,130,301,121
1736956024.183896,0.0,0.0,0.0,264,132,301,123
1736956024.2443175,0.0,0.0,0.0,263,133,299,124
1736956024.3096926,0.0,0.0,0.0,262,133,301,124
1736956024.3682344,0.0,0.0,0.0,260,133,300,124
1736956024.4254422,0.0,0.0,0.0,259,133,298,123
1736956024.483566,0.0,0.0,0.0,259,133,298,123
1736956024.5548937,0.0,0.0,0.0,258,134,296,123
1736956024.613153,0.0,0.0,0.0,257,133,294,121
1736956024.6686342,0.0,0.0,0.0,256,133,294,121
1736956024.7239413,0.0,0.0,0.0,256,133,293,120
1736956024.7836783,0.0,0.0,0.0,255,133,292,120
1736956024.8524263,0.0,0.0,0.0,255,134,292,120
1736956024.9101138,0.0,0.0,0.0,255,134,291,120
1736956024.9680626,0.0,0.0,0.0,255,135,294,121
1736956025.0269096,0.0,0.0,0.0,255,135,290,120
1736956025.0933375,0.0,0.0,0.0,254,136,290,121
1736956025.1506014,0.0,0.0,0.0,254,137,290,122
1736956025.2070067,0.0,0.0,0.0,253,138,289,123
1736956025.2663326,0.0,0.0,0.0,252,138,289,124
1736956025.3331556,0.0,0.0,0.0,252,139,288,124
1736956025.390561,0.0,0.0,0.0,251,140,287,124
1736956025.4431355,0.0,0.0,0.0,251,140,288,123
1736956025.5143113,0.0,0.0,0.0,249,139,286,123
1736956025.5670047,0.0,0.0,0.0,249,139,285,122
1736956025.6341426,0.0,0.0,0.0,247,140,284,121
1736956025.6901915,0.0,0.0,0.0,247,139,282,121
1736956025.748433,0.0,0.0,0.0,247,139,282,121
1736956025.8061738,0.0,0.0,0.0,246,140,283,122
1736956025.8727162,0.0,0.0,0.0,246,140,280,121
1736956025.9322655,0.0,0.0,0.0,246,142,279,121
1736956025.9884005,0.0,0.0,0.0,246,142,278,122
1736956026.0455797,0.0,0.0,0.0,246,143,278,122
1736956026.1138492,0.0,0.0,0.0,245,144,279,124
1736956026.1730583,0.0,0.0,0.0,245,145,279,125
1736956026.227502,0.0,0.0,0.0,244,145,279,125
1736956026.2872963,0.0,0.0,0.0,244,146,278,126
1736956026.3470085,0.0,0.0,0.0,243,147,277,126
1736956026.4138021,0.0,0.0,0.0,243,147,279,125
1736956026.4683423,0.0,0.0,0.0,242,147,278,125
1736956026.5275671,0.0,0.0,0.0,241,147,278,125
1736956026.5935078,0.0,0.0,0.0,240,147,277,124
1736956026.652516,0.0,0.0,0.0,240,148,275,124
1736956026.7095542,0.0,0.0,0.0,240,148,274,124
1736956026.7761295,0.0,0.0,0.0,239,148,271,124
1736956026.8302145,0.0,0.0,0.0,240,149,270,124
1736956026.886956,0.0,0.0,0.0,239,149,272,125
1736956026.9551673,0.0,0.0,0.0,239,150,271,126
1736956027.0115242,0.0,0.0,0.0,238,151,269,125
1736956027.0672548,0.0,0.0,0.0,238,152,271,127
1736956027.1347065,0.0,0.0,0.0,238,153,271,128
1736956027.1921504,0.0,0.0,0.0,238,153,272,129
1736956027.2483816,0.0,0.0,0.0,237,154,272,128
1736956027.3166971,0.0,0.0,0.0,237,155,272,129
1736956027.3723102,0.0,0.0,0.0,236,155,268,128
1736956027.4282303,0.0,0.0,0.0,235,154,270,128
1736956027.4875379,0.0,0.0,0.0,235,155,269,128
1736956027.5566664,0.0,0.0,0.0,235,156,268,128
1736956027.6104167,0.0,0.0,0.0,234,156,267,128
1736956027.6765132,0.0,0.0,0.0,234,157,266,128
1736956027.7344396,0.0,0.0,0.0,234,158,265,129
1736956027.7903593,0.0,0.0,0.0,234,159,264,129
1736956027.858293,0.0,0.0,0.0,234,159,264,129
1736956027.913218,0.0,0.0,0.0,233,160,264,130
1736956027.9706688,0.0,0.0,0.0,234,160,264,130
1736956028.0286582,0.0,0.0,0.0,234,161,260,131
1736956028.088614,0.0,0.0,0.0,233,163,263,131
1736956028.1562126,0.0,0.0,0.0,233,162,264,133
1736956028.212463,0.0,0.0,0.0,233,163,263,133
1736956028.269351,0.0,0.0,0.0,233,163,263,133
1736956028.337118,0.0,0.0,0.0,233,164,263,133
1736956028.3944588,0.0,0.0,0.0,232,164,262,132
1736956028.451005,0.0,0.0,0.0,232,164,262,132
1736956028.5094137,0.0,0.0,0.0,231,165,261,132
1736956028.5696788,0.0,0.0,0.0,231,165,260,133
1736956028.6300108,0.0,0.0,0.0,231,166,259,133
1736956028.6895883,0.0,0.0,0.0,231,167,258,133
1736956028.7494233,0.0,0.0,0.0,232,168,258,134
1736956028.8180652,0.0,0.0,0.0,231,169,257,134
1736956028.873114,0.0,0.0,0.0,231,170,257,136
1736956028.9298625,0.0,0.0,0.0,231,172,256,136
1736956028.9904127,0.0,0.0,0.0,232,173,256,137
1736956029.0561779,0.0,0.0,0.0,231,172,256,138
1736956029.1126547,0.0,0.0,0.0,231,172,257,138
1736956029.1696353,0.0,0.0,0.0,231,173,257,139
1736956029.2364047,0.0,0.0,0.0,231,173,257,139
1736956029.2924724,0.0,0.0,0.0,231,174,256,139
1736956029.352486,0.0,0.0,0.0,231,174,256,138
1736956029.4102275,0.0,0.0,0.0,230,174,255,138
1736956029.4778028,0.0,0.0,0.0,229,174,255,139
1736956029.5324912,0.0,0.0,0.0,230,175,254,138
1736956029.5909731,0.0,0.0,0.0,230,176,253,139
1736956029.6603193,0.0,0.0,0.0,230,177,252,139
1736956029.7197409,0.0,0.0,0.0,230,178,252,140
1736956029.7759893,0.0,0.0,0.0,230,179,252,141
1736956029.835164,0.0,0.0,0.0,231,179,251,142
1736956029.8906322,0.0,0.0,0.0,230,180,251,142
1736956029.959036,0.0,0.0,0.0,231,181,251,143
1736956030.0158613,0.0,0.0,0.0,231,182,251,144
1736956030.0736382,0.0,0.0,0.0,231,183,251,144
1736956030.1329415,0.0,0.0,0.0,231,183,252,145
1736956030.192515,0.0,0.0,0.0,232,183,252,145
1736956030.2506096,0.0,0.0,0.0,232,184,252,145
1736956030.318195,0.0,0.0,0.0,232,184,252,145
1736956030.3776917,0.0,0.0,0.0,231,184,252,145
1736956030.4370298,0.0,0.0,0.0,232,184,251,145
1736956030.4958065,0.0,0.0,0.0,231,184,250,145
1736956030.55241,0.0,0.0,0.0,230,185,250,145
1736956030.6125007,0.0,0.0,0.0,231,186,249,147
1736956030.6822412,0.0,0.0,0.0,232,187,248,147
1736956030.739073,0.0,0.0,0.0,232,188,248,148
1736956030.798188,0.0,0.0,0.0,233,189,248,149
1736956030.8542116,0.0,0.0,0.0,233,190,247,150
1736956030.9181852,0.0,0.0,0.0,233,191,246,150
1736956030.9763453,0.0,0.0,0.0,233,192,247,151
1736956031.034079,0.0,0.0,0.0,234,193,247,152
1736956031.1023653,0.0,0.0,0.0,235,193,248,152
1736956031.1594782,0.0,0.0,0.0,235,193,248,152
1736956031.2145584,0.0,0.0,0.0,235,193,249,152
1736956031.2812984,0.0,0.0,0.0,235,194,249,153
1736956031.3375564,0.0,0.0,0.0,235,193,249,153
1736956031.393212,0.0,0.0,0.0,235,193,249,153
1736956031.462244,0.0,0.0,0.0,235,194,248,153
1736956031.5169828,0.0,0.0,0.0,235,194,248,153
1736956031.5758097,0.0,0.0,0.0,235,195,247,153
1736956031.6330867,0.0,0.0,0.0,235,196,247,155
1736956031.7014978,0.0,0.0,0.0,236,198,246,155
1736956031.7588444,0.0,0.0,0.0,237,199,245,156
1736956031.815888,0.0,0.0,0.0,238,200,245,157
1736956031.8738863,0.0,0.0,0.0,238,200,245,158
1736956031.9415889,0.0,0.0,0.0,239,201,245,159
1736956031.9999125,0.0,0.0,0.0,239,202,245,160
1736956032.056782,0.0,0.0,0.0,240,203,246,160
1736956032.1159327,0.0,0.0,0.0,240,203,247,160
1736956032.1815937,0.0,0.0,0.0,240,203,247,160
1736956032.239729,0.0,0.0,0.0,240,203,248,160
1736956032.2980702,0.0,0.0,0.0,241,203,248,160
1736956032.356017,0.0,0.0,0.0,240,202,248,161
1736956032.421082,0.0,0.0,0.0,240,202,248,160
1736956032.4785435,0.0,0.0,0.0,240,202,247,160
1736956032.535438,0.0,0.0,0.0,241,203,247,161
1736956032.6015434,0.0,0.0,0.0,241,204,246,162
1736956032.6600845,0.0,0.0,0.0,242,205,245,163
1736956032.7175677,0.0,0.0,0.0,243,206,245,164
1736956032.7767076,0.0,0.0,0.0,243,208,245,165
1736956032.835183,0.0,0.0,0.0,245,209,245,166
1736956032.9024181,0.0,0.0,0.0,245,210,245,167
1736956032.9586163,0.0,0.0,0.0,246,211,245,168
1736956033.0148711,0.0,0.0,0.0,247,211,246,169
1736956033.0808368,0.0,0.0,0.0,247,211,247,169
1736956033.1399279,0.0,0.0,0.0,247,211,247,169
1736956033.199445,0.0,0.0,0.0,248,211,249,169
1736956033.2562764,0.0,0.0,0.0,248,211,249,169
1736956033.3157058,0.0,0.0,0.0,248,211,250,168
1736956033.383493,0.0,0.0,0.0,248,210,250,168
1736956033.440303,0.0,0.0,0.0,248,210,249,168
1736956033.498282,0.0,0.0,0.0,248,212,249,169
1736956033.5566227,0.0,0.0,0.0,249,211,248,169
1736956033.627762,0.0,0.0,0.0,250,212,248,170
1736956033.6833315,0.0,0.0,0.0,251,213,247,171
1736956033.7394974,0.0,0.0,0.0,252,215,247,173
1736956033.796315,0.0,0.0,0.0,253,216,247,174
1736956033.8561287,0.0,0.0,0.0,254,217,247,174
1736956033.9169328,0.0,0.0,0.0,255,218,247,176
1736956033.9856105,0.0,0.0,0.0,256,218,248,177
1736956034.0436022,0.0,0.0,0.0,257,219,247,178
1736956034.0989373,0.0,0.0,0.0,257,218,250,177
1736956034.1577878,0.0,0.0,0.0,258,219,252,177
1736956034.2233067,0.0,0.0,0.0,258,218,250,178
1736956034.278513,0.0,0.0,0.0,260,220,250,178
1736956034.3458545,0.0,0.0,0.0,258,217,250,178
1736956034.4041567,0.0,0.0,0.0,258,217,249,178
1736956034.4621966,0.0,0.0,0.0,258,217,249,177
1736956034.5195594,0.0,0.0,0.0,259,217,249,178
1736956034.5858061,0.0,0.0,0.0,260,218,249,179
1736956034.6414793,0.0,0.0,0.0,261,219,249,180
1736956034.6979609,0.0,0.0,0.0,262,220,252,180
1736956034.7660966,0.0,0.0,0.0,263,222,251,181
1736956034.8213382,0.0,0.0,0.0,265,223,252,182
1736956034.8778422,0.0,0.0,0.0,265,224,251,184
1736956034.9430795,0.0,0.0,0.0,266,225,253,185
1736956034.998955,0.0,0.0,0.0,267,225,254,185
1736956035.0668945,0.0,0.0,0.0,268,225,252,187
1736956035.1234245,0.0,0.0,0.0,270,226,253,187
1736956035.1795228,0.0,0.0,0.0,271,226,253,187
1736956035.2374723,0.0,0.0,0.0,272,226,254,187
1736956035.305524,0.0,0.0,0.0,272,225,254,186
1736956035.3654995,0.0,0.0,0.0,271,224,253,186
1736956035.4235935,0.0,0.0,0.0,270,223,253,186
1736956035.4796057,0.0,0.0,0.0,273,224,253,186
1736956035.5392191,0.0,0.0,0.0,274,225,253,186
1736956035.605575,0.0,0.0,0.0,275,225,253,188
1736956035.6577854,0.0,0.0,0.0,275,225,253,189
1736956035.725798,0.0,0.0,0.0,276,228,254,190
1736956035.7839718,0.0,0.0,0.0,277,229,255,192
1736956035.84157,0.0,0.0,0.0,278,229,255,193
1736956035.8989775,0.0,0.0,0.0,279,230,256,195
1736956035.967013,0.0,0.0,0.0,280,231,257,195
1736956036.0234952,0.0,0.0,0.0,281,231,257,196
1736956036.0785594,0.0,0.0,0.0,282,231,258,195
1736956036.138996,0.0,0.0,0.0,282,230,258,195
1736956036.2065375,0.0,0.0,0.0,282,230,259,194
1736956036.2614143,0.0,0.0,0.0,283,229,259,194
1736956036.319391,0.0,0.0,0.0,283,228,259,193
1736956036.3870876,0.0,0.0,0.0,283,227,259,193
1736956036.4434872,0.0,0.0,0.0,284,227,258,192
1736956036.4975429,0.0,0.0,0.0,284,227,259,193
1736956036.5572712,0.0,0.0,0.0,284,227,259,194
1736956036.6270878,0.0,0.0,0.0,286,228,259,196
1736956036.6833472,0.0,0.0,0.0,288,230,260,197
1736956036.7413795,0.0,0.0,0.0,290,231,261,198
1736956036.8076637,0.0,0.0,0.0,291,232,262,201
1736956036.8621554,0.0,0.0,0.0,291,232,262,201
1736956036.9182885,0.0,0.0,0.0,291,232,264,203
1736956036.9856787,0.0,0.0,0.0,294,233,264,203
1736956037.0394373,0.0,0.0,0.0,294,233,265,203
1736956037.0997214,0.0,0.0,0.0,295,232,265,202
1736956037.1654418,0.0,0.0,0.0,295,232,266,202
1736956037.2221677,0.0,0.0,0.0,296,230,266,200
1736956037.2779171,0.0,0.0,0.0,296,230,266,200
1736956037.3439713,0.0,0.0,0.0,296,230,267,199
1736956037.4021225,0.0,0.0,0.0,297,229,267,199
1736956037.4670067,0.0,0.0,0.0,297,229,266,199
1736956037.5207655,0.0,0.0,0.0,297,229,267,200
1736956037.5837302,0.0,0.0,0.0,297,229,268,201
1736956037.6385646,0.0,0.0,0.0,297,229,269,202
1736956037.7009656,0.0,0.0,0.0,297,229,270,204
1736956037.767583,0.0,0.0,0.0,297,229,270,206
1736956037.820772,0.0,0.0,0.0,297,229,272,207
1736956037.887115,0.0,0.0,0.0,297,229,272,208
1736956037.9397311,0.0,0.0,0.0,297,229,273,209
1736956038.0054777,0.0,0.0,0.0,297,229,274,209
1736956038.060983,0.0,0.0,0.0,297,229,275,208
1736956038.1279914,0.0,0.0,0.0,310,232,276,208
1736956038.1831126,0.0,0.0,0.0,311,230,276,206
1736956038.2470157,0.0,0.0,0.0,311,230,276,205
1736956038.300743,0.0,0.0,0.0,311,230,277,205
1736956038.366017,0.0,0.0,0.0,311,230,276,204
1736956038.423961,0.0,0.0,0.0,312,226,277,204
1736956038.4865239,0.0,0.0,0.0,312,226,277,204
1736956038.5443556,0.0,0.0,0.0,314,226,278,205
1736956038.6035674,0.0,0.0,0.0,315,227,278,206
1736956038.6609433,0.0,0.0,0.0,315,227,280,208
1736956038.7260094,0.0,0.0,0.0,315,227,281,209
1736956038.780373,0.0,0.0,0.0,315,227,282,211
1736956038.8487535,0.0,0.0,0.0,322,231,284,212
1736956038.9033298,0.0,0.0,0.0,322,231,285,213
1736956038.9595063,0.0,0.0,0.0,322,231,286,213
1736956039.0281487,0.0,0.0,0.0,322,231,286,213
1736956039.0794346,0.0,0.0,0.0,322,231,287,212
1736956039.149592,0.0,0.0,0.0,326,227,287,211
1736956039.2095907,0.0,0.0,0.0,326,226,288,209
1736956039.264388,0.0,0.0,0.0,326,224,288,208
1736956039.3234832,0.0,0.0,0.0,326,223,288,208
1736956039.389925,0.0,0.0,0.0,326,223,288,207
1736956039.443596,0.0,0.0,0.0,326,223,288,207
1736956039.5030022,0.0,0.0,0.0,328,222,289,207
1736956039.5670536,0.0,0.0,0.0,328,222,290,208
1736956039.624311,0.0,0.0,0.0,331,223,291,209
1736956039.6910663,0.0,0.0,0.0,333,219,293,211
1736956039.7433522,0.0,0.0,0.0,333,219,294,212
1736956039.8105485,0.0,0.0,0.0,336,226,296,214
1736956039.8677566,0.0,0.0,0.0,338,228,297,215
1736956039.9223,0.0,0.0,0.0,338,228,298,215
1736956039.988277,0.0,0.0,0.0,338,228,299,215
1736956040.0421844,0.0,0.0,0.0,338,228,300,214
1736956040.1086888,0.0,0.0,0.0,338,228,300,213
1736956040.162927,0.0,0.0,0.0,338,228,300,211
1736956040.2234292,0.0,0.0,0.0,342,222,301,210
1736956040.2909937,0.0,0.0,0.0,343,222,301,209
1736956040.3475525,0.0,0.0,0.0,343,222,301,209
1736956040.4053807,0.0,0.0,0.0,343,220,301,207
1736956040.4704206,0.0,0.0,0.0,343,220,302,207
1736956040.5267656,0.0,0.0,0.0,344,220,302,207
1736956040.5821283,0.0,0.0,0.0,344,220,304,209
1736956040.645576,0.0,0.0,0.0,344,220,305,210
1736956040.7021322,0.0,0.0,0.0,344,220,306,211
1736956040.76955,0.0,0.0,0.0,351,222,308,213
1736956040.825285,0.0,0.0,0.0,351,222,310,214
1736956040.8910203,0.0,0.0,0.0,351,222,311,215
1736956040.945525,0.0,0.0,0.0,351,222,311,214
1736956041.0028634,0.0,0.0,0.0,351,222,313,213
1736956041.0682926,0.0,0.0,0.0,351,222,314,212
1736956041.1226923,0.0,0.0,0.0,351,222,314,210
1736956041.1910832,0.0,0.0,0.0,357,217,314,208
1736956041.2504163,0.0,0.0,0.0,357,215,314,206
1736956041.3064005,0.0,0.0,0.0,357,214,314,204
1736956041.3731487,0.0,0.0,0.0,357,213,314,204
1736956041.4310107,0.0,0.0,0.0,357,211,314,202
1736956041.4896924,0.0,0.0,0.0,358,212,315,202
1736956041.5487378,0.0,0.0,0.0,359,211,316,203
1736956041.607208,0.0,0.0,0.0,361,212,317,205
1736956041.6736622,0.0,0.0,0.0,362,212,319,206
1736956041.7281446,0.0,0.0,0.0,364,213,320,207
1736956041.7827406,0.0,0.0,0.0,364,213,322,209
1736956041.8536286,0.0,0.0,0.0,367,213,324,211
1736956041.9109914,0.0,0.0,0.0,368,213,325,208
1736956041.9674404,0.0,0.0,0.0,368,210,327,208
1736956042.0359921,0.0,0.0,0.0,370,210,327,207
1736956042.0935118,0.0,0.0,0.0,370,208,328,208
1736956042.1480196,0.0,0.0,0.0,370,207,328,204
1736956042.2076154,0.0,0.0,0.0,371,206,328,201
1736956042.2736156,0.0,0.0,0.0,371,204,328,200
1736956042.330555,0.0,0.0,0.0,370,203,327,199
1736956042.3899715,0.0,0.0,0.0,371,202,327,197
1736956042.447532,0.0,0.0,0.0,371,201,328,197
1736956042.5144396,0.0,0.0,0.0,372,201,329,197
1736956042.5710018,0.0,0.0,0.0,374,201,330,198
1736956042.6264513,0.0,0.0,0.0,374,201,332,201
1736956042.694549,0.0,0.0,0.0,376,201,334,200
1736956042.7500074,0.0,0.0,0.0,376,201,336,202
1736956042.807789,0.0,0.0,0.0,380,201,338,202
1736956042.8721735,0.0,0.0,0.0,381,201,340,204
1736956042.9292088,0.0,0.0,0.0,381,199,341,203
1736956042.9882386,0.0,0.0,0.0,383,197,341,205
1736956043.0554414,0.0,0.0,0.0,382,196,342,201
1736956043.1102839,0.0,0.0,0.0,382,195,342,199
1736956043.1686554,0.0,0.0,0.0,383,193,342,198
1736956043.2365522,0.0,0.0,0.0,382,191,341,196
1736956043.293222,0.0,0.0,0.0,382,190,341,194
1736956043.349168,0.0,0.0,0.0,383,189,341,193
1736956043.4171953,0.0,0.0,0.0,383,188,341,193
1736956043.472366,0.0,0.0,0.0,383,187,341,192
1736956043.53142,0.0,0.0,0.0,385,186,342,192
1736956043.5911899,0.0,0.0,0.0,385,186,344,192
1736956043.6456652,0.0,0.0,0.0,385,186,346,194
1736956043.713824,0.0,0.0,0.0,388,187,348,195
1736956043.7689726,0.0,0.0,0.0,390,186,350,196
1736956043.8381803,0.0,0.0,0.0,391,186,351,197
1736956043.8944778,0.0,0.0,0.0,392,186,353,198
1736956043.950449,0.0,0.0,0.0,392,185,354,197
1736956044.0098863,0.0,0.0,0.0,392,182,354,196
1736956044.0690072,0.0,0.0,0.0,392,181,355,194
1736956044.1343708,0.0,0.0,0.0,392,179,354,192
1736956044.1906617,0.0,0.0,0.0,393,178,354,190
1736956044.2495322,0.0,0.0,0.0,393,177,353,188
1736956044.309265,0.0,0.0,0.0,392,176,353,186
1736956044.37613,0.0,0.0,0.0,393,175,353,185
1736956044.4322317,0.0,0.0,0.0,393,173,353,184
1736956044.4897668,0.0,0.0,0.0,393,172,353,183
1736956044.5578282,0.0,0.0,0.0,395,172,354,183
1736956044.6144087,0.0,0.0,0.0,396,172,357,184
1736956044.6729884,0.0,0.0,0.0,396,171,358,186
1736956044.7323003,0.0,0.0,0.0,399,171,361,187
1736956044.790705,0.0,0.0,0.0,400,171,363,188
1736956044.8578105,0.0,0.0,0.0,400,170,365,188
1736956044.915238,0.0,0.0,0.0,401,169,365,188
1736956044.9715927,0.0,0.0,0.0,400,167,366,187
1736956045.039371,0.0,0.0,0.0,400,166,367,186
1736956045.0972018,0.0,0.0,0.0,401,165,366,184
1736956045.152147,0.0,0.0,0.0,401,164,366,182
1736956045.2106159,0.0,0.0,0.0,401,162,365,179
1736956045.2787602,0.0,0.0,0.0,400,160,364,178
1736956045.3371923,0.0,0.0,0.0,400,159,364,176
1736956045.392455,0.0,0.0,0.0,400,157,363,175
1736956045.4585915,0.0,0.0,0.0,400,156,364,173
1736956045.514227,0.0,0.0,0.0,400,154,365,174
1736956045.5706542,0.0,0.0,0.0,402,154,366,174
1736956045.6377647,0.0,0.0,0.0,402,153,368,174
1736956045.6951966,0.0,0.0,0.0,403,153,370,175
1736956045.7527916,0.0,0.0,0.0,404,152,372,176
1736956045.8109808,0.0,0.0,0.0,406,153,375,177
1736956045.8805385,0.0,0.0,0.0,406,151,375,177
1736956045.9361794,0.0,0.0,0.0,406,150,376,177
1736956045.9932785,0.0,0.0,0.0,405,148,377,176
1736956046.0522897,0.0,0.0,0.0,406,147,377,174
1736956046.1124256,0.0,0.0,0.0,406,146,376,171
1736956046.180058,0.0,0.0,0.0,406,145,375,170
1736956046.2362251,0.0,0.0,0.0,405,143,374,168
1736956046.2927268,0.0,0.0,0.0,405,141,374,166
1736956046.3521664,0.0,0.0,0.0,404,140,373,165
1736956046.4208274,0.0,0.0,0.0,403,138,373,163
1736956046.4795551,0.0,0.0,0.0,404,136,373,163
1736956046.5388129,0.0,0.0,0.0,404,135,374,162
1736956046.5957475,0.0,0.0,0.0,405,135,376,163
1736956046.6622293,0.0,0.0,0.0,405,134,378,163
1736956046.7174919,0.0,0.0,0.0,407,133,380,163
1736956046.7729466,0.0,0.0,0.0,408,133,382,164
1736956046.8395338,0.0,0.0,0.0,409,133,384,164
1736956046.8965375,0.0,0.0,0.0,409,132,385,164
1736956046.9569452,0.0,0.0,0.0,409,130,385,163
1736956047.0170035,0.0,0.0,0.0,409,129,385,162
1736956047.0820677,0.0,0.0,0.0,408,128,384,161
1736956047.1380143,0.0,0.0,0.0,408,127,383,159
1736956047.1945996,0.0,0.0,0.0,408,126,382,156
1736956047.2589262,0.0,0.0,0.0,407,123,382,155
1736956047.3146782,0.0,0.0,0.0,406,122,381,154
1736956047.3797586,0.0,0.0,0.0,405,120,381,151
1736956047.4344292,0.0,0.0,0.0,404,118,381,151
1736956047.5022469,0.0,0.0,0.0,405,117,382,151
1736956047.5597003,0.0,0.0,0.0,406,116,383,151
1736956047.6149395,0.0,0.0,0.0,406,115,384,150
1736956047.6809652,0.0,0.0,0.0,405,114,386,150
1736956047.7354505,0.0,0.0,0.0,406,114,388,151
1736956047.800641,0.0,0.0,0.0,408,114,390,150
1736956047.8562083,0.0,0.0,0.0,408,113,391,150
1736956047.9150121,0.0,0.0,0.0,408,112,392,150
1736956047.9735835,0.0,0.0,0.0,408,111,392,149
1736956048.0431132,0.0,0.0,0.0,407,110,392,148
1736956048.101467,0.0,0.0,0.0,407,109,391,147
1736956048.159432,0.0,0.0,0.0,405,107,390,146
1736956048.2167969,0.0,0.0,0.0,404,105,389,144
1736956048.2754288,0.0,0.0,0.0,405,104,389,143
1736956048.343659,0.0,0.0,0.0,405,102,388,141
1736956048.4000401,0.0,0.0,0.0,404,100,387,139
1736956048.4574409,0.0,0.0,0.0,403,98,388,138
1736956048.5169842,0.0,0.0,0.0,403,97,388,138
1736956048.5749779,0.0,0.0,0.0,402,96,389,137
1736956048.6431377,0.0,0.0,0.0,403,96,391,137
1736956048.7020931,0.0,0.0,0.0,404,95,392,136
1736956048.7575362,0.0,0.0,0.0,404,95,394,136
1736956048.8231711,0.0,0.0,0.0,405,95,395,136
1736956048.878578,0.0,0.0,0.0,406,94,396,135
1736956048.9361827,0.0,0.0,0.0,405,93,397,135
1736956049.0031717,0.0,0.0,0.0,404,92,396,134
1736956049.0604842,0.0,0.0,0.0,403,91,396,132
1736956049.118106,0.0,0.0,0.0,402,90,394,131
1736956049.1756055,0.0,0.0,0.0,402,88,394,130
1736956049.2429965,0.0,0.0,0.0,400,86,393,128
1736956049.2995965,0.0,0.0,0.0,399,84,392,127
1736956049.3554974,0.0,0.0,0.0,400,83,391,125
1736956049.4222293,0.0,0.0,0.0,398,81,391,124
1736956049.4785948,0.0,0.0,0.0,396,80,391,123
1736956049.5374062,0.0,0.0,0.0,396,79,392,122
1736956049.596997,0.0,0.0,0.0,397,78,393,122
1736956049.664729,0.0,0.0,0.0,398,78,394,121
1736956049.7208982,0.0,0.0,0.0,398,78,395,120
1736956049.7795224,0.0,0.0,0.0,399,77,396,119
1736956049.8381562,0.0,0.0,0.0,400,76,398,120
1736956049.8994482,0.0,0.0,0.0,399,76,398,119
1736956049.9659612,0.0,0.0,0.0,398,75,399,118
1736956050.0214047,0.0,0.0,0.0,397,74,398,117
1736956050.07808,0.0,0.0,0.0,397,73,396,116
1736956050.1460202,0.0,0.0,0.0,395,72,395,115
1736956050.202169,0.0,0.0,0.0,394,71,395,113
1736956050.2607565,0.0,0.0,0.0,392,69,393,112
1736956050.3179927,0.0,0.0,0.0,391,68,392,110
1736956050.38357,0.0,0.0,0.0,390,66,392,109
1736956050.4405315,0.0,0.0,0.0,390,64,392,108
1736956050.4997892,0.0,0.0,0.0,389,63,392,107
1736956050.5584812,0.0,0.0,0.0,389,62,393,106
1736956050.6233861,0.0,0.0,0.0,389,62,394,105
1736956050.6800764,0.0,0.0,0.0,391,61,395,105
1736956050.7371843,0.0,0.0,0.0,393,61,395,104
1736956050.8063276,0.0,0.0,0.0,392,61,397,103
1736956050.863161,0.0,0.0,0.0,393,60,397,103
1736956050.9182506,0.0,0.0,0.0,392,60,398,102
1736956050.9840953,0.0,0.0,0.0,392,59,397,102
1736956051.041284,0.0,0.0,0.0,390,58,396,101
1736956051.1074166,0.0,0.0,0.0,388,57,395,100
1736956051.163112,0.0,0.0,0.0,386,56,393,99
1736956051.2187018,0.0,0.0,0.0,384,55,393,98
1736956051.2784374,0.0,0.0,0.0,383,53,391,97
1736956051.3454375,0.0,0.0,0.0,382,52,391,95
1736956051.4185548,0.0,0.0,0.0,381,50,390,94
