Time,Track Points,Position,Angle,Velocity,Angular Velocity
1742176488.5500486,"{'yellow': (84, 50), 'red': (72, 77)}","[132, 405]",1.9890206563741257,[ 6.97999693 -4.60894228],0.05792490886654675
1742176488.6105917,"{'yellow': (85, 51), 'red': (71, 76)}","[133, 406]",2.0812846487116725,[12.83640668  5.11593885],0.6240278949660281
1742176488.6741788,"{'yellow': (77, 49), 'red': (70, 75)}","[129, 406]",1.8337910584758161,[-12.23367048   4.58795732],-0.7956552099488499
1742176488.7381191,"{'yellow': (83, 50), 'red': (73, 75)}","[130, 406]",1.9513027039072615,[-10.07399483   2.63782265],-0.35452313029838645
1742176488.7970252,"{'yellow': (83, 48), 'red': (73, 75)}","[131, 405]",1.925501978805837,[ 1.35864459 -3.60130565],-0.10320048482236593
1742176488.85853,"{'yellow': (81, 50), 'red': (71, 76)}","[130, 406]",1.9379701606131159,[-3.33655754  1.31456058],-0.09669380864880266
1742176488.9108465,"{'yellow': (85, 49), 'red': (73, 75)}","[132, 406]",2.0032041023654346,[7.35031404 3.49828207],0.3578282320870612
1742176488.975146,"{'yellow': (81, 47), 'red': (70, 75)}","[130, 405]",1.9451299428024806,[-3.31432444 -3.59515728],-0.03654247831124216
1742176489.029742,"{'yellow': (81, 51), 'red': (72, 75)}","[129, 406]",1.9295669970654687,[-12.75768614   1.55558618],-0.2327342070201174
1742176489.0958636,"{'yellow': (84, 49), 'red': (73, 75)}","[130, 406]",1.9710369838288708,[-3.667782    2.69215319],0.08131029380629995
1742176489.1488357,"{'yellow': (84, 49), 'red': (72, 75)}","[131, 406]",2.0032041023654346,[5.87816388 1.47143199],0.3464695155121944
1742176489.2138948,"{'yellow': (81, 49), 'red': (71, 74)}","[130, 405]",1.9513027039072615,[-0.08239445 -4.50726457],0.006867514996780726
1742176489.2786973,"{'yellow': (81, 50), 'red': (73, 76)}","[130, 406]",1.8692952583810758,[-2.33914943  0.79759701],-0.547372504803924
1742176489.3311307,"{'yellow': (80, 49), 'red': (73, 75)}","[129, 406]",1.8337910584758161,[-7.46990861  3.059273  ],-0.7640513898142136
1742176489.3945677,"{'yellow': (84, 50), 'red': (74, 75)}","[131, 406]",1.9513027039072615,[4.65241689 1.41088857],0.11300569057816949
1742176489.4585092,"{'yellow': (84, 49), 'red': (71, 75)}","[131, 406]",2.0344439357957027,[6.69177188 0.98151797],0.7214961022341505
1742176489.51208,"{'yellow': (81, 48), 'red': (71, 75)}","[130, 405]",1.925501978805837,[-1.38782932 -5.14172425],0.00791432096008985
1742176489.5760164,"{'yellow': (82, 49), 'red': (73, 75)}","[130, 405]",1.9040406279065694,[-2.41422258 -5.10995324],-0.31916879117781494
1742176489.6296587,"{'yellow': (82, 51), 'red': (72, 75)}","[130, 406]",1.965587446494658,[-1.56107322  2.68557851],0.13330334773340957
1742176489.6948388,"{'yellow': (85, 48), 'red': (72, 75)}","[131, 405]",2.0195196708056176,[ 4.53237108 -2.24854768],0.5095319454279723
1742176489.7605808,"{'yellow': (80, 49), 'red': (72, 76)}","[130, 405]",1.8588517738455226,[-0.57782803 -3.42658534],-0.4342717847236048
1742176489.815796,"{'yellow': (82, 46), 'red': (72, 75)}","[130, 403]",1.9028557943377822,[ -2.76077591 -14.04994964],-0.3871558392510515
1742176489.868512,"{'yellow': (83, 51), 'red': (72, 78)}","[130, 405]",1.9576720445259248,[-1.53993528 -1.63113203],0.2000446903129673
1742176489.9331312,"{'yellow': (80, 50), 'red': (72, 76)}","[129, 406]",1.8692952583810758,[-6.8294187   8.33753299],-0.3169303796618716
1742176489.9965413,"{'yellow': (83, 50), 'red': (74, 74)}","[130, 406]",1.9295669970654687,[-0.78713346  6.78375238],-0.06066331517774508
1742176490.0586977,"{'yellow': (84, 50), 'red': (73, 74)}","[131, 406]",2.000558605891585,[7.0457756  4.44715413],0.49278843853063287
1742176490.112915,"{'yellow': (81, 47), 'red': (72, 75)}","[130, 405]",1.8817946074004375,[ 0.72377483 -2.69825416],-0.23258245001082786
1742176490.17624,"{'yellow': (82, 49), 'red': (73, 75)}","[130, 405]",1.9040406279065694,[-1.54921554 -3.1457002 ],-0.25260866304503116
1742176490.2390115,"{'yellow': (84, 49), 'red': (72, 76)}","[131, 405]",1.9890206563741257,[ 4.79674057 -1.52808684],0.3812381278872664
1742176490.290013,"{'yellow': (78, 46), 'red': (72, 76)}","[129, 404]",1.7681918866447774,[-6.35356277 -7.15097035],-0.8744256936394212
1742176490.3531656,"{'yellow': (85, 51), 'red': (73, 77)}","[131, 406]",2.0032041023654346,[3.4721249  4.84420673],0.3404539098540728
1742176490.4188457,"{'yellow': (81, 48), 'red': (72, 75)}","[130, 405]",1.892546881191539,[0.81994564 0.85195107],0.07377507339845761
1742176490.4735773,"{'yellow': (83, 50), 'red': (73, 75)}","[131, 405]",1.9513027039072615,[ 3.85088417 -2.15463411],0.11107384370754406
1742176490.5401838,"{'yellow': (82, 49), 'red': (72, 76)}","[131, 405]",1.925501978805837,[ 4.26803019 -0.91950677],0.05683309131723242
1742176490.5944781,"{'yellow': (81, 49), 'red': (72, 76)}","[130, 405]",1.892546881191539,[-3.1796854  -0.45580176],-0.21903312854553217
1742176490.6563501,"{'yellow': (84, 49), 'red': (72, 75)}","[131, 405]",2.0032041023654346,[ 2.06704791 -0.11403508],0.4477677511519307
1742176490.7213883,"{'yellow': (85, 49), 'red': (72, 76)}","[132, 405]",2.0195196708056176,[ 8.75626224 -0.0737426 ],0.5775773376034945
1742176490.7753901,"{'yellow': (82, 49), 'red': (70, 76)}","[131, 405]",1.9890206563741257,[ 2.05547325 -0.05453958],0.23233832738631688
1742176490.8406405,"{'yellow': (81, 48), 'red': (70, 76)}","[129, 405]",1.9451299428024806,[-11.3107063   -0.03996359],-0.11464053986609125
1742176490.8948843,"{'yellow': (83, 49), 'red': (72, 76)}","[129, 405]",1.9576720445259248,[-12.18466111  -0.26309496],-0.11439740450144394
1742176490.95824,"{'yellow': (86, 52), 'red': (71, 77)}","[130, 407]",2.1112158270654806,[-1.65457596 11.06268764],0.8307353452900661
1742176491.022043,"{'yellow': (83, 47), 'red': (69, 75)}","[129, 406]",2.0344439357957027,[-5.17315797  5.43958531],0.39125458312666794
1742176491.0753717,"{'yellow': (78, 49), 'red': (71, 76)}","[126, 406]",1.8244704229335393,[-24.07029762   1.27179942],-1.1763781327203824
1742176491.1396613,"{'yellow': (85, 49), 'red': (74, 77)}","[128, 407]",1.9451299428024806,[-9.30708267  6.97619018],-0.4063270666040586
1742176491.201708,"{'yellow': (86, 48), 'red': (70, 75)}","[129, 406]",2.105751400580993,[3.29529733 1.12434366],0.8717353718957841
1742176491.2550657,"{'yellow': (86, 49), 'red': (68, 76)}","[129, 406]",2.158798930342464,[ 3.71851086 -1.57301   ],1.2306385758753577
1742176491.3179722,"{'yellow': (83, 50), 'red': (66, 76)}","[126, 407]",2.1498705961626277,[-14.4810675   4.9804086],0.778754733815263
1742176491.3737116,"{'yellow': (86, 49), 'red': (66, 75)}","[125, 407]",2.2264919530364327,[-21.79489992   5.42125504],0.9791567754048452
1742176491.4359114,"{'yellow': (84, 48), 'red': (66, 75)}","[123, 406]",2.158798930342464,[-26.2947098   -2.58142852],0.4207087724191123
1742176491.4994001,"{'yellow': (88, 48), 'red': (66, 76)}","[123, 406]",2.2367655641740063,[-20.85539922  -3.6325519 ],0.5857433064176281
1742176491.5520196,"{'yellow': (85, 48), 'red': (65, 76)}","[121, 406]",2.191045812777718,[-26.18949259  -2.12131871],0.35938381384978746
1742176491.6170082,"{'yellow': (88, 48), 'red': (65, 76)}","[120, 406]",2.2584675828336263,[-26.46345141  -1.50560505],0.5294176011636664
1742176491.678957,"{'yellow': (92, 50), 'red': (65, 76)}","[121, 407]",2.3750601762140158,[-14.40559888   4.30720265],1.0867583150201197
1742176491.7327547,"{'yellow': (89, 46), 'red': (65, 75)}","[121, 405]",2.2621332555643585,[-8.03450763 -6.77932183],0.2847540402636276
1742176491.7970445,"{'yellow': (86, 48), 'red': (66, 76)}","[120, 405]",2.191045812777718,[-11.29241355  -8.12690602],-0.4312527246843663
1742176491.8588223,"{'yellow': (98, 45), 'red': (69, 76)}","[126, 403]",2.3228734943140976,[ 24.17648628 -16.01826993],0.3471805469532163
1742176491.9189298,"{'yellow': (93, 44), 'red': (67, 77)}","[129, 401]",2.238102461773251,[ 44.92607895 -25.74212875],0.0175335634566674
1742176491.9723759,"{'yellow': (103, 48), 'red': (70, 78)}","[138, 402]",2.403777593469328,[ 91.83941046 -15.84150178],0.7975599771837558
1742176492.0370786,"{'yellow': (104, 47), 'red': (68, 77)}","[147, 402]",2.44685437739309,[124.31345213  -8.49811187],1.0424150397285565
1742176492.1011584,"{'yellow': (103, 44), 'red': (67, 78)}","[155, 401]",2.384758148031105,[141.45071018 -11.87296107],0.39044028969077654
1742176492.1547637,"{'yellow': (91, 47), 'red': (67, 80)}","[157, 402]",2.1995926132103296,[126.66520921  -4.68919093],-0.9522863175472548
1742176492.21753,"{'yellow': (93, 47), 'red': (71, 81)}","[162, 404]",2.1451011569695986,[115.53648639   9.99925044],-1.2070112660777679
1742176492.2827294,"{'yellow': (93, 48), 'red': (75, 80)}","[169, 406]",2.0831857871056343,[125.06380385  20.91311304],-1.1513286895081414
1742176492.334978,"{'yellow': (92, 44), 'red': (80, 80)}","[178, 406]",1.892546881191539,[158.60211359  19.34401496],-2.1242565433545653
1742176492.399516,"{'yellow': (84, 44), 'red': (87, 81)}","[186, 406]",1.489892227639666,[159.54961801  12.75947832],-3.9456500270358483
1742176492.4533384,"{'yellow': (83, 45), 'red': (83, 82)}","[192, 407]",1.5707963267948966,[160.67606954  15.52429361],-3.1025954350459424
1742176492.518641,"{'yellow': (79, 47), 'red': (79, 81)}","[194, 409]",1.5707963267948966,[123.21337422  23.11875235],-1.850266368492345
1742176492.5829961,"{'yellow': (83, 45), 'red': (81, 80)}","[199, 409]",1.6278771092011612,[111.51297316  18.94076571],-1.0081740648255966
1742176492.634475,"{'yellow': (80, 45), 'red': (79, 81)}","[201, 410]",1.5985669633883177,[101.63846257  19.09215076],-0.7645841120440182
1742176492.6987987,"{'yellow': (81, 45), 'red': (81, 81)}","[205, 411]",1.5707963267948966,[91.67389853 19.72263288],-0.7183060034843837
1742176492.763524,"{'yellow': (82, 44), 'red': (82, 80)}","[210, 411]",1.5707963267948966,[93.66138432 14.34914894],-0.4863658192667052
1742176492.8175747,"{'yellow': (79, 46), 'red': (79, 81)}","[212, 412]",1.5707963267948966,[85.53692588 15.68919111],-0.270446795255053
1742176492.8821375,"{'yellow': (78, 43), 'red': (81, 80)}","[214, 411]",1.489892227639666,[67.54312562  6.69679403],-0.5553462288040336
1742176492.9355357,"{'yellow': (79, 45), 'red': (83, 81)}","[218, 412]",1.460139105621001,[73.11829397  8.21151386],-0.6729007192839696
1742176492.9997346,"{'yellow': (80, 45), 'red': (81, 80)}","[221, 412]",1.5422326689561365,[70.55491786  7.21893975],-0.03162442083848546
1742176493.0543647,"{'yellow': (80, 45), 'red': (80, 81)}","[224, 413]",1.5707963267948966,[71.95801817 10.33817165],0.31189056941973775
1742176493.1180441,"{'yellow': (81, 43), 'red': (80, 80)}","[227, 412]",1.5978167759821613,[67.91048612  2.82551814],0.3555307856390929
1742176493.181807,"{'yellow': (79, 46), 'red': (79, 82)}","[229, 414]",1.5707963267948966,[60.76376809 10.60067656],0.13781546257485183
1742176493.2357647,"{'yellow': (82, 44), 'red': (80, 80)}","[233, 414]",1.6262948320406134,[69.25252619 11.77838597],0.3784319089490721
1742176493.299642,"{'yellow': (80, 42), 'red': (78, 79)}","[235, 412]",1.624797827170865,[62.20986063 -3.94403045],0.35619697584017795
1742176493.3626235,"{'yellow': (84, 44), 'red': (78, 82)}","[239, 413]",1.727398203776912,[66.37000122 -0.68384432],0.7993536345997415
1742176493.41837,"{'yellow': (78, 43), 'red': (76, 81)}","[239, 413]",1.6233793884058383,[53.85065136  2.22358396],0.1762498601560133
1742176493.4821637,"{'yellow': (82, 43), 'red': (78, 82)}","[242, 413]",1.6730030449021502,[50.83034696  0.82593466],0.18799804184549151
1742176493.5369205,"{'yellow': (78, 45), 'red': (76, 82)}","[242, 414]",1.624797827170865,[41.62866448  6.3779626 ],-0.03714996034253207
1742176493.5987587,"{'yellow': (79, 46), 'red': (78, 81)}","[243, 415]",1.5993599846336566,[31.90349471 11.17646155],-0.2646278962824026
1742176493.6645339,"{'yellow': (82, 45), 'red': (78, 81)}","[246, 416]",1.6814535479687922,[39.10068422 14.42662558],0.23249017493732635
1742176493.7139094,"{'yellow': (83, 43), 'red': (77, 81)}","[249, 416]",1.727398203776912,[51.68661526 12.11947238],0.6244851415734289
1742176493.7794185,"{'yellow': (81, 45), 'red': (76, 80)}","[250, 416]",1.7126933813990606,[42.6304135   8.06751885],0.34836754064727876
1742176493.8468564,"{'yellow': (83, 44), 'red': (78, 80)}","[253, 416]",1.7088023504524161,[45.12110304  5.89545021],0.17035238037158312
1742176493.905366,"{'yellow': (81, 42), 'red': (76, 81)}","[254, 415]",1.698305885010135,[42.19087948 -1.62280867],0.05660124496893896
1742176493.9633656,"{'yellow': (82, 46), 'red': (76, 82)}","[256, 417]",1.7359450042095235,[41.89859912  8.57251005],0.26229945391772697
1742176494.031068,"{'yellow': (82, 44), 'red': (76, 80)}","[258, 417]",1.7359450042095235,[40.94905062  8.8218258 ],0.23323967414604907
1742176494.0841467,"{'yellow': (81, 46), 'red': (75, 80)}","[259, 418]",1.7454685258031364,[38.07975723 11.0505987 ],0.21417876673899527
1742176494.1382542,"{'yellow': (82, 43), 'red': (75, 80)}","[260, 417]",1.7577755967138078,[33.69953856  3.51995005],0.2363926418187935
1742176494.2057664,"{'yellow': (80, 44), 'red': (75, 81)}","[260, 417]",1.7051177687478651,[22.92441173  0.45656949],-0.12993059545421629
1742176494.2627654,"{'yellow': (83, 45), 'red': (77, 82)}","[263, 418]",1.7315590674207313,[32.63907901  6.49921652],-0.04912963348857424
1742176494.3183417,"{'yellow': (82, 45), 'red': (76, 80)}","[265, 418]",1.740574600763235,[40.07598005  6.51278201],0.09339515554332431
1742176494.384277,"{'yellow': (83, 44), 'red': (74, 81)}","[266, 418]",1.8094056493030977,[33.19215104  3.88556814],0.43513903800094156
1742176494.438789,"{'yellow': (84, 43), 'red': (75, 81)}","[268, 418]",1.8033532685998057,[36.78365489  2.68961812],0.41142369094159703
1742176494.5045502,"{'yellow': (82, 43), 'red': (74, 81)}","[269, 418]",1.7782925532300993,[32.40340486  1.49527578],0.09319602256982232
1742176494.5595324,"{'yellow': (80, 45), 'red': (74, 81)}","[269, 419]",1.7359450042095235,[24.09186682  6.87062433],-0.2254687295255751
1742176494.6279926,"{'yellow': (82, 44), 'red': (75, 81)}","[270, 419]",1.7577755967138078,[21.22517537  6.02602961],-0.07875581697745447
1742176494.6830602,"{'yellow': (84, 44), 'red': (75, 81)}","[272, 419]",1.8094056493030977,[28.37118185  4.11546325],0.3000445868761841
1742176494.7376184,"{'yellow': (83, 46), 'red': (75, 81)}","[274, 420]",1.7955074952095393,[35.06039523  8.83649912],0.21814296493392105
1742176494.8016195,"{'yellow': (83, 45), 'red': (73, 81)}","[275, 421]",1.8417431771333173,[30.48525712 12.87132551],0.34396145952911095
1742176494.8681943,"{'yellow': (84, 43), 'red': (73, 80)}","[276, 420]",1.859771736787463,[26.62667108  4.74483016],0.4008082982722234
1742176494.9237666,"{'yellow': (83, 46), 'red': (74, 81)}","[277, 421]",1.8224862985530834,[26.1867142   6.94472361],0.08747328898607681
1742176494.986066,"{'yellow': (82, 45), 'red': (73, 80)}","[277, 421]",1.8224862985530834,[18.97191651  6.84291733],0.004947138706708723
1742176495.0383823,"{'yellow': (85, 44), 'red': (74, 80)}","[279, 421]",1.8673421358645972,[25.29155822  4.53206711],0.29742527006926534
1742176495.1018467,"{'yellow': (84, 44), 'red': (72, 81)}","[280, 421]",1.884416979011595,[25.71487652  2.92127388],0.3682183057530263
1742176495.1638324,"{'yellow': (84, 44), 'red': (73, 81)}","[281, 421]",1.859771736787463,[23.86097824  1.96852677],0.11907597285488072
1742176495.224902,"{'yellow': (85, 45), 'red': (72, 81)}","[282, 422]",1.9173351912288386,[22.96421293  6.7928698 ],0.3452432934745942
1742176495.2871234,"{'yellow': (84, 45), 'red': (72, 80)}","[283, 422]",1.9010936816241504,[22.36896819  6.11503981],0.25389145761690257
1742176495.3387983,"{'yellow': (84, 46), 'red': (72, 80)}","[284, 423]",1.9100889412489412,[23.81028841 10.07072577],0.17933252532416694
1742176495.4017797,"{'yellow': (83, 44), 'red': (71, 80)}","[284, 423]",1.892546881191539,[17.07224147  8.44545279],0.04767156158806292
1742176495.464796,"{'yellow': (84, 44), 'red': (72, 80)}","[285, 423]",1.892546881191539,[16.73908572  5.36558117],0.007251410917596339
1742176495.527326,"{'yellow': (85, 45), 'red': (72, 80)}","[286, 423]",1.9264322110956564,[18.54753272  3.79672624],0.1914828705421467
1742176495.579086,"{'yellow': (84, 44), 'red': (71, 80)}","[286, 423]",1.9173351912288386,[14.78373782  2.78774525],0.1453394175032923
1742176495.6437585,"{'yellow': (86, 45), 'red': (73, 80)}","[288, 423]",1.9264322110956564,[20.3427993   1.88276369],0.11346653301503135
1742176495.7079115,"{'yellow': (87, 46), 'red': (70, 81)}","[289, 424]",2.0229501890806723,[22.38081061  6.59796532],0.6193777330539301
1742176495.7596176,"{'yellow': (85, 45), 'red': (70, 80)}","[289, 424]",1.97568811307998,[17.29952845  6.56305312],0.3535860363006965
1742176495.8230472,"{'yellow': (85, 45), 'red': (70, 80)}","[289, 424]",1.97568811307998,[11.15539248  3.86437161],0.12834021668032675
1742176495.8798022,"{'yellow': (86, 46), 'red': (70, 81)}","[290, 425]",1.999574354240913,[13.68844606  8.47478723],0.25000585895514144
1742176495.943727,"{'yellow': (86, 44), 'red': (70, 80)}","[291, 425]",1.9890206563741257,[16.2783557   7.33268742],0.15479349229064346
1742176496.0069652,"{'yellow': (85, 45), 'red': (69, 80)}","[291, 425]",1.999574354240913,[12.31951162  4.79391128],0.13586990963937856
1742176496.0590243,"{'yellow': (85, 45), 'red': (70, 80)}","[291, 425]",1.97568811307998,[8.23199677 3.47126174],-0.02953958026029197
1742176496.1206505,"{'yellow': (86, 47), 'red': (71, 81)}","[292, 427]",1.9862884227357873,[11.16389194 13.76417575],-0.00597120266892278
1742176496.18443,"{'yellow': (88, 46), 'red': (69, 79)}","[293, 427]",2.0931997585114255,[14.38127073 12.55106984],0.5984534354222227
1742176496.2468174,"{'yellow': (87, 46), 'red': (70, 79)}","[294, 427]",2.046491545649889,[16.64233869  7.85140155],0.322215313986493
1742176496.2988756,"{'yellow': (87, 47), 'red': (69, 80)}","[295, 428]",2.0701430484750265,[19.8006742  11.74050576],0.25168790725879675
1742176496.3629248,"{'yellow': (87, 46), 'red': (68, 79)}","[295, 428]",2.0931997585114255,[14.44923376  9.55557789],0.36259291235525803
1742176496.4255798,"{'yellow': (87, 45), 'red': (68, 79)}","[295, 428]",2.0803885916038225,[9.43402533 6.13002683],0.21205462035322825
1742176496.4880118,"{'yellow': (87, 45), 'red': (69, 79)}","[296, 428]",2.0576955586061656,[11.97298426  4.26465483],-0.0023481138664288304
1742176496.5403569,"{'yellow': (88, 46), 'red': (68, 80)}","[297, 429]",2.1025203940537023,[16.71188865  8.99668587],0.2239735291286286
1742176496.6024065,"{'yellow': (87, 47), 'red': (68, 79)}","[297, 430]",2.10660756475536,[12.34636255 13.15164381],0.2550231316482796
1742176496.6649628,"{'yellow': (88, 45), 'red': (68, 78)}","[298, 429]",2.1156602422464403,[13.34353854  4.44386747],0.20372220939285368
1742176496.7214544,"{'yellow': (86, 45), 'red': (66, 80)}","[297, 429]",2.0899424410414196,[5.25887121 0.87138872],-0.00580923617905655
1742176496.7861257,"{'yellow': (90, 47), 'red': (68, 80)}","[299, 430]",2.158798930342464,[12.37705685  6.49091175],0.33618101875264295
1742176496.839791,"{'yellow': (86, 47), 'red': (65, 79)}","[297, 431]",2.151552680362567,[ 1.20686195 12.53630073],0.3426148744179417
1742176496.9074764,"{'yellow': (87, 47), 'red': (67, 78)}","[297, 431]",2.143762469683603,[-2.93523018  9.30627032],0.14406926327053132
1742176496.960899,"{'yellow': (86, 47), 'red': (67, 79)}","[296, 432]",2.10660756475536,[-7.67587637 12.22508187],-0.1279101465423923
1742176497.0256908,"{'yellow': (88, 47), 'red': (69, 78)}","[297, 432]",2.1206495094714817,[-1.50497146  9.79436368],-0.0592614639630782
1742176497.0868185,"{'yellow': (89, 48), 'red': (67, 78)}","[298, 433]",2.20354516179708,[ 6.17144218 11.85067628],0.4449410314699854
1742176497.1406875,"{'yellow': (89, 49), 'red': (67, 78)}","[299, 434]",2.2197918857913974,[11.87258808 16.46060556],0.5737277159133931
1742176497.2031162,"{'yellow': (88, 49), 'red': (66, 77)}","[299, 435]",2.2367655641740063,[ 9.06026595 18.28658622],0.4719320525990608
1742176497.273036,"{'yellow': (88, 46), 'red': (65, 76)}","[298, 434]",2.224879051209257,[0.52286748 8.14450504],0.27719403431121636
1742176497.3318794,"{'yellow': (90, 48), 'red': (66, 78)}","[299, 435]",2.2455372690184494,[4.22592911 8.97335237],0.2792661102032892
1742176497.387874,"{'yellow': (89, 47), 'red': (65, 77)}","[299, 435]",2.2455372690184494,[5.62771877 8.3459656 ],0.24696978901707325
1742176497.4404676,"{'yellow': (87, 48), 'red': (65, 77)}","[298, 435]",2.2197918857913974,[-2.31925091  5.46755567],0.018867732272610932
1742176497.5048,"{'yellow': (90, 49), 'red': (66, 77)}","[299, 436]",2.279422598922567,[2.43078032 9.05283738],0.30648208284949524
1742176497.5701208,"{'yellow': (89, 49), 'red': (64, 77)}","[298, 437]",2.2996510532475276,[-2.13670755 12.93323136],0.4065126997950006
1742176497.6251092,"{'yellow': (90, 49), 'red': (65, 76)}","[298, 437]",2.317751900171157,[-4.11974645 10.62265778],0.40098095431903497
1742176497.687236,"{'yellow': (90, 50), 'red': (65, 76)}","[298, 438]",2.33658915933514,[-2.55657934 12.34584798],0.4000768289320923
1742176497.750566,"{'yellow': (90, 48), 'red': (65, 75)}","[298, 437]",2.317751900171157,[-1.7035459   4.61797596],0.19727564113326765
1742176497.8016107,"{'yellow': (90, 50), 'red': (65, 77)}","[298, 438]",2.317751900171157,[-1.18664209  7.12704122],0.10063042110364781
1742176497.8631501,"{'yellow': (91, 50), 'red': (65, 76)}","[299, 439]",2.356194490192345,[ 4.71167086 12.52952697],0.29847043838960585
1742176497.9243643,"{'yellow': (90, 50), 'red': (64, 75)}","[299, 439]",2.3757998210495495,[4.99978987 9.93902697],0.38105860920892376
1742176497.9848006,"{'yellow': (91, 51), 'red': (63, 75)}","[299, 440]",2.432966381462123,[ 3.26768466 12.04938478],0.6041672326475107
1742176498.0475004,"{'yellow': (89, 49), 'red': (63, 74)}","[298, 439]",2.3757998210495495,[-3.27290162  4.18357955],0.17312243898152174
1742176498.1079042,"{'yellow': (91, 51), 'red': (63, 76)}","[298, 440]",2.4127379271371625,[-3.74474719  6.29447571],0.20532018337547234
1742176498.1687684,"{'yellow': (92, 51), 'red': (64, 75)}","[299, 441]",2.432966381462123,[ 3.37722395 12.07474516],0.34146018826315194
1742176498.2312992,"{'yellow': (90, 50), 'red': (63, 74)}","[298, 441]",2.4149503129080676,[-1.59487868  9.50331642],0.15740502746919927
1742176498.284364,"{'yellow': (90, 50), 'red': (63, 74)}","[297, 441]",2.4149503129080676,[-9.65107545  6.48725502],0.06899622211991577
1742176498.3470883,"{'yellow': (92, 51), 'red': (64, 75)}","[298, 442]",2.432966381462123,[-2.13784196  9.8343432 ],0.15219203153618804
1742176498.4102178,"{'yellow': (91, 50), 'red': (62, 74)}","[297, 442]",2.450255724820331,[-5.11337962  8.29146612],0.2193163259744974
1742176498.4618182,"{'yellow': (90, 50), 'red': (62, 74)}","[296, 442]",2.432966381462123,[-12.22133046   5.6393589 ],0.07613834519442383
1742176498.5244923,"{'yellow': (91, 51), 'red': (63, 74)}","[296, 442]",2.453921397551064,[-9.22848168  3.76662239],0.12964667556426107
1742176498.586983,"{'yellow': (92, 51), 'red': (63, 75)}","[296, 443]",2.450255724820331,[-5.90820663  8.19316885],0.11624400142527168
1742176498.649224,"{'yellow': (91, 50), 'red': (62, 73)}","[295, 442]",2.471071095609244,[-9.78660072  1.57567926],0.17633257142524864
1742176498.7018654,"{'yellow': (92, 52), 'red': (63, 75)}","[295, 443]",2.471071095609244,[-9.1686907   4.58896516],0.1690276317598745
1742176498.7671797,"{'yellow': (92, 51), 'red': (63, 74)}","[295, 443]",2.471071095609244,[-5.51555621  5.00305776],0.10682242655781747
1742176498.833785,"{'yellow': (92, 52), 'red': (63, 74)}","[295, 444]",2.4925970945932923,[-3.67442267  8.36890831],0.18629848406265848
1742176498.8851714,"{'yellow': (92, 51), 'red': (62, 73)}","[295, 444]",2.5088438185876103,[-2.67044648  7.92321994],0.27119573931175206
1742176498.9490583,"{'yellow': (92, 50), 'red': (62, 73)}","[295, 443]",2.487509929175433,[-1.57138141 -0.58420784],0.07999362137347599
1742176499.0029273,"{'yellow': (93, 55), 'red': (61, 74)}","[295, 445]",2.6057814156293295,[-0.9164696   9.56186069],0.7183240054167952
1742176499.0666068,"{'yellow': (92, 52), 'red': (61, 73)}","[294, 445]",2.546182778111061,[-6.13508472  9.99683964],0.3420758500826717
1742176499.127246,"{'yellow': (92, 53), 'red': (61, 73)}","[293, 446]",2.5686265107010873,[-11.4377421   11.75219842],0.2211491094879957
1742176499.1871898,"{'yellow': (93, 52), 'red': (62, 72)}","[293, 446]",2.5686265107010873,[-9.23315753 10.04028831],0.2153008746280572
1742176499.2499278,"{'yellow': (92, 52), 'red': (61, 71)}","[292, 445]",2.5917394709132084,[-11.54953741   0.89904489],0.2716144877716483
1742176499.3026338,"{'yellow': (94, 53), 'red': (62, 73)}","[293, 446]",2.5829933382462307,[-4.44650005  4.60003899],0.18676402374711473
1742176499.3652241,"{'yellow': (93, 53), 'red': (61, 72)}","[293, 446]",2.6057814156293295,[-1.17812393  5.09970938],0.22521008407432339
1742176499.4271042,"{'yellow': (92, 53), 'red': (62, 72)}","[293, 446]",2.577023259921693,[-1.21849125  3.17676843],0.03054806781895359
1742176499.4879625,"{'yellow': (92, 54), 'red': (60, 72)}","[292, 447]",2.6292031932790554,[-6.36509343  7.67501754],0.2495570344610226
1742176499.5494275,"{'yellow': (93, 53), 'red': (60, 72)}","[291, 447]",2.6191892218732646,[-11.42869438   6.62248059],0.20168299702386
1742176499.6118495,"{'yellow': (94, 54), 'red': (61, 72)}","[291, 448]",2.642245931909663,[-8.81558455  9.62299509],0.23830649746847404
1742176499.6631577,"{'yellow': (94, 53), 'red': (61, 71)}","[291, 448]",2.642245931909663,[-5.90204568  9.05511958],0.22089182639134397
1742176499.7267907,"{'yellow': (94, 53), 'red': (61, 71)}","[291, 448]",2.642245931909663,[-4.08266342  5.75402992],0.13784177901034234
1742176499.7954462,"{'yellow': (94, 54), 'red': (60, 71)}","[291, 448]",2.677945044588987,[-2.85186863  4.05151333],0.28329965002541424
1742176499.8460317,"{'yellow': (92, 55), 'red': (60, 71)}","[290, 449]",2.677945044588987,[-8.16679945  8.7000064 ],0.278607103276842
1742176499.9061842,"{'yellow': (93, 54), 'red': (60, 70)}","[289, 449]",2.690139562037239,[-12.95694425   7.63779265],0.24378519226964798
1742176499.9701893,"{'yellow': (95, 54), 'red': (60, 70)}","[289, 449]",2.7128146261437767,[-9.87496698  4.71299073],0.3115260199931508
1742176500.031566,"{'yellow': (95, 54), 'red': (60, 69)}","[289, 448]",2.7367008673047097,[-6.27771366 -2.47894515],0.37670335209376166
1742176500.0919719,"{'yellow': (93, 55), 'red': (60, 71)}","[288, 449]",2.690139562037239,[-9.91069539  2.0839486 ],0.036488178554227535
1742176500.1473682,"{'yellow': (94, 55), 'red': (61, 70)}","[288, 449]",2.714965160462917,[-9.05552128  3.58312735],0.07146612705966135
1742176500.211338,"{'yellow': (94, 56), 'red': (60, 70)}","[288, 450]",2.7509856098921066,[-5.75177383  7.39795511],0.30431946400172416
1742176500.264694,"{'yellow': (93, 54), 'red': (60, 70)}","[287, 450]",2.690139562037239,[-10.14129641   7.35394213],-0.08489026882265173
1742176500.327517,"{'yellow': (94, 55), 'red': (60, 69)}","[287, 450]",2.7509856098921066,[-8.25099487  4.41120895],0.1662883400074733
1742176500.3896036,"{'yellow': (93, 54), 'red': (60, 69)}","[286, 449]",2.714965160462917,[-10.72927558  -2.62673984],0.036161017074081446
1742176500.4514053,"{'yellow': (95, 57), 'red': (61, 71)}","[287, 451]",2.7509856098921066,[-3.40328145  7.68041891],0.1371672412967244
1742176500.502978,"{'yellow': (93, 55), 'red': (60, 69)}","[286, 451]",2.7403638545849445,[-6.11449238 10.17913034],0.11714820595112263
1742176500.5653408,"{'yellow': (93, 55), 'red': (60, 69)}","[285, 451]",2.7403638545849445,[-12.01582377   5.99846694],0.04602853573861951
1742176500.6267235,"{'yellow': (95, 57), 'red': (60, 69)}","[285, 452]",2.8112952987605397,[-9.44287718  9.51272756],0.4405427773549536
1742176500.687443,"{'yellow': (95, 55), 'red': (60, 68)}","[285, 451]",2.7859567692890335,[-6.12486258  2.65450173],0.2774911636914562
1742176500.7493892,"{'yellow': (93, 56), 'red': (60, 70)}","[284, 452]",2.7403638545849445,[-9.71146856  5.2629025 ],-0.12916600370829381
1742176500.811392,"{'yellow': (94, 56), 'red': (61, 68)}","[284, 452]",2.7928216500058864,[-8.26255581  5.73498576],0.13989445758256353
1742176500.8732748,"{'yellow': (95, 56), 'red': (60, 68)}","[284, 452]",2.8112952987605397,[-5.35945444  3.65030198],0.29637275991311807
1742176500.9359953,"{'yellow': (95, 57), 'red': (60, 69)}","[284, 453]",2.8112952987605397,[-3.64494639  8.02261036],0.22210919518416614
1742176500.9883516,"{'yellow': (95, 58), 'red': (60, 68)}","[284, 454]",2.8632929945846817,[-2.64926843 13.42696027],0.45698162851655066
1742176501.0490603,"{'yellow': (94, 55), 'red': (60, 67)}","[284, 453]",2.8023000391357487,[-1.56973804  4.60223799],0.04922224131718959
1742176501.1114275,"{'yellow': (92, 57), 'red': (59, 68)}","[282, 453]",2.819842099193151,[-12.04796912   1.12633898],0.008805100610481814
1742176501.1646898,"{'yellow': (95, 57), 'red': (60, 68)}","[282, 453]",2.8370817703876807,[-12.67869989   1.10228422],0.16152165859196502
1742176501.2291205,"{'yellow': (94, 54), 'red': (60, 68)}","[282, 452]",2.7509856098921066,[-7.46351878 -4.61281383],-0.3410847043766243
1742176501.2895117,"{'yellow': (95, 57), 'red': (60, 69)}","[282, 453]",2.8112952987605397,[-5.09295619  0.39320218],-0.05856912678619977
1742176501.3530278,"{'yellow': (95, 57), 'red': (60, 68)}","[282, 453]",2.8370817703876807,[-3.6671023   2.14544477],0.21877000862240978
1742176501.4154935,"{'yellow': (94, 58), 'red': (59, 69)}","[281, 454]",2.8370817703876807,[-8.12171185  6.42711745],0.16670178405544722
1742176501.4671164,"{'yellow': (94, 57), 'red': (60, 68)}","[281, 454]",2.8286914257094087,[-7.87913809  6.46194862],0.05661625219520074
1742176501.5288668,"{'yellow': (94, 58), 'red': (59, 67)}","[280, 454]",2.8899026818316065,[-10.53659667   3.94121313],0.3762993333489233
1742176501.589724,"{'yellow': (93, 58), 'red': (60, 67)}","[279, 454]",2.875340604438868,[-14.30011801   2.98285762],0.29519205144260735
1742176501.650282,"{'yellow': (95, 58), 'red': (61, 68)}","[280, 455]",2.8555412118724752,[-5.3874453   7.76233974],0.04918767024650421
1742176501.7129803,"{'yellow': (95, 59), 'red': (60, 67)}","[280, 456]",2.9168814851751503,[-1.80975593 12.65625313],0.35032137577277456
1742176501.764522,"{'yellow': (95, 57), 'red': (58, 66)}","[279, 455]",2.9029833310815922,[-7.76965324  4.85839948],0.3114100768679916
1742176501.827271,"{'yellow': (93, 59), 'red': (60, 67)}","[278, 456]",2.9037567261323427,[-12.67474233   6.83112409],0.15336681030226143
1742176501.8887932,"{'yellow': (95, 56), 'red': (60, 66)}","[278, 455]",2.8632929945846817,[-9.82112423  1.09990219],-0.1195092616003068
1742176501.9544923,"{'yellow': (96, 58), 'red': (61, 68)}","[279, 456]",2.8632929945846817,[-0.72834662  4.10209697],-0.14395101337666588
1742176502.0072222,"{'yellow': (94, 59), 'red': (58, 66)}","[278, 456]",2.949544636349063,[-4.29241216  5.25260716],0.4121065421200078
1742176502.0723264,"{'yellow': (95, 58), 'red': (59, 67)}","[278, 456]",2.896613990462929,[-4.78396275  3.02810917],0.10632131055133252
1742176502.126272,"{'yellow': (93, 57), 'red': (58, 66)}","[276, 455]",2.8899026818316065,[-14.91004371  -3.96796367],-0.09780789320043448
1742176502.1906943,"{'yellow': (95, 59), 'red': (60, 68)}","[276, 456]",2.8899026818316065,[-13.20920913   1.13412244],-0.052936395260857284
1742176502.2456603,"{'yellow': (95, 59), 'red': (60, 67)}","[276, 457]",2.9168814851751503,[-8.61546997  8.90827528],0.11899422874047061
1742176502.3089888,"{'yellow': (96, 58), 'red': (60, 66)}","[277, 457]",2.922923707715851,[-0.18286544  7.23484466],0.16066846760298714
1742176502.3729727,"{'yellow': (94, 58), 'red': (59, 67)}","[276, 457]",2.8899026818316065,[-4.00038138  4.49669349],-0.06835870102568704
1742176502.4289203,"{'yellow': (93, 58), 'red': (58, 66)}","[274, 457]",2.9168814851751503,[-16.84338705   3.33222856],0.046258443943506714
1742176502.493941,"{'yellow': (94, 59), 'red': (60, 67)}","[274, 458]",2.9105019863938963,[-13.87931002   7.62647344],0.04612229382780857
1742176502.5479174,"{'yellow': (96, 58), 'red': (60, 66)}","[275, 458]",2.922923707715851,[-3.11236396  7.58743638],0.07757416090649727
1742176502.6127148,"{'yellow': (93, 58), 'red': (59, 66)}","[274, 458]",2.9105019863938963,[-6.0255571   4.73371654],0.014821175923191597
1742176502.677516,"{'yellow': (94, 57), 'red': (60, 67)}","[274, 458]",2.8555412118724752,[-5.94339928  3.27936474],-0.3100886820258205
1742176502.7296402,"{'yellow': (94, 58), 'red': (59, 67)}","[273, 458]",2.8899026818316065,[-9.99332318  2.10186884],-0.13152939599975588
1742176502.7930367,"{'yellow': (94, 58), 'red': (61, 67)}","[273, 458]",2.875340604438868,[-8.3948374   1.31564581],-0.09662284943574305
1742176502.847696,"{'yellow': (96, 58), 'red': (60, 66)}","[274, 458]",2.922923707715851,[0.3673434  0.91388732],0.1736223275315635
1742176502.9140007,"{'yellow': (92, 59), 'red': (58, 66)}","[272, 458]",2.938547436336328,[-8.8609694   0.55408318],0.27442266840885243
1742176502.967905,"{'yellow': (94, 59), 'red': (60, 67)}","[272, 459]",2.9105019863938963,[-10.53212817   6.23079663],0.0450823049335647
1742176503.0302126,"{'yellow': (94, 57), 'red': (60, 66)}","[272, 458]",2.8828217616260954,[-6.30301413  0.        ],-0.16932612493481802
1742176503.0926328,"{'yellow': (94, 60), 'red': (60, 67)}","[272, 459]",2.938547436336328,[-4.38971531  3.52095859],0.16042784553003933
1742176503.147504,"{'yellow': (94, 58), 'red': (58, 66)}","[271, 459]",2.922923707715851,[-8.8752093   4.84297318],0.14885813610118015
1742176503.214187,"{'yellow': (95, 60), 'red': (59, 66)}","[271, 460]",2.976443976175166,[-7.41056355  8.27628977],0.3461672435581997
1742176503.2679741,"{'yellow': (93, 58), 'red': (60, 66)}","[270, 460]",2.9037567261323427,[-10.84981151   8.00880942],-0.078937913844304
1742176503.3314354,"{'yellow': (94, 58), 'red': (60, 65)}","[270, 459]",2.938547436336328,[-8.92874394 -0.53222583],0.004351138376109266
1742176503.3943021,"{'yellow': (94, 58), 'red': (60, 67)}","[270, 459]",2.8828217616260954,[-5.82738659 -1.98541699],-0.22538983627813447
1742176503.4485822,"{'yellow': (94, 59), 'red': (59, 67)}","[269, 460]",2.9168814851751503,[-9.85336295  4.81983519],-0.0819666966732102
1742176503.5130115,"{'yellow': (95, 57), 'red': (60, 66)}","[269, 459]",2.8899026818316065,[-8.22225133 -0.89939799],-0.1250797615646206
1742176503.5786824,"{'yellow': (95, 59), 'red': (60, 67)}","[269, 460]",2.9168814851751503,[-5.28536495  2.79199935],0.0010513512326082615
1742176503.6310148,"{'yellow': (94, 58), 'red': (59, 66)}","[268, 460]",2.9168814851751503,[-9.6855536   4.16074044],0.05377535780261636
1742176503.6911383,"{'yellow': (95, 58), 'red': (59, 66)}","[268, 460]",2.922923707715851,[-8.08024493  2.29782489],0.057852983047183316
1742176503.754006,"{'yellow': (96, 59), 'red': (60, 67)}","[269, 461]",2.922923707715851,[0.4503818  7.04817771],0.04788650584000894
1742176503.8172839,"{'yellow': (93, 58), 'red': (59, 66)}","[268, 461]",2.9105019863938963,[-3.39289493  6.63801808],-0.024262217962024282
1742176503.8689508,"{'yellow': (94, 58), 'red': (59, 66)}","[267, 461]",2.9168814851751503,[-10.91861295   4.65440051],-0.005125744432254081
1742176503.9305694,"{'yellow': (94, 59), 'red': (60, 67)}","[267, 462]",2.9105019863938963,[-8.38790486  8.87294439],-0.015909391080907928
1742176503.993455,"{'yellow': (93, 57), 'red': (59, 65)}","[266, 461]",2.9105019863938963,[-10.65221854   2.13903657],-0.02802737363473938
1742176504.0576332,"{'yellow': (95, 59), 'red': (60, 66)}","[266, 461]",2.9441970937399127,[-9.07357928 -0.43391409],0.16861570479470128
1742176504.1072102,"{'yellow': (95, 58), 'red': (59, 66)}","[266, 461]",2.922923707715851,[-6.22718364 -0.18247814],0.057879932574554926
1742176504.1701915,"{'yellow': (95, 58), 'red': (59, 67)}","[266, 461]",2.896613990462929,[-4.24811678 -0.14899772],-0.15995923927234018
1742176504.2326953,"{'yellow': (94, 59), 'red': (59, 66)}","[265, 461]",2.9441970937399127,[-8.66688908 -0.26493525],0.1199681532752673
1742176504.2958272,"{'yellow': (96, 59), 'red': (59, 67)}","[265, 462]",2.9286543040103963,[-7.62400048  5.0766884 ],0.08674072739380367
1742176504.356939,"{'yellow': (94, 59), 'red': (59, 66)}","[264, 462]",2.9441970937399127,[-10.12275317   5.14754978],0.1040113562029948
1742176504.4200006,"{'yellow': (94, 57), 'red': (60, 66)}","[264, 461]",2.8828217616260954,[-8.44644608 -2.27605449],-0.23232272933866757
1742176504.470605,"{'yellow': (94, 59), 'red': (60, 67)}","[264, 462]",2.9105019863938963,[-5.77039418  2.2972071 ],-0.13665832722705554
1742176504.5329142,"{'yellow': (93, 61), 'red': (59, 67)}","[263, 464]",2.9669204545815537,[-9.59464447 15.31168824],0.30197380466786333
1742176504.5944278,"{'yellow': (95, 57), 'red': (60, 65)}","[263, 463]",2.9168814851751503,[-8.30747453  7.89456944],0.00818763315447644
1742176504.6595533,"{'yellow': (94, 57), 'red': (60, 66)}","[263, 462]",2.8828217616260954,[-5.3403699  -2.34024728],-0.2778242266682646
1742176504.7109427,"{'yellow': (95, 57), 'red': (60, 67)}","[263, 462]",2.8632929945846817,[-3.7316808  -3.41822527],-0.3709774455685585
1742176504.7748365,"{'yellow': (95, 60), 'red': (59, 67)}","[263, 463]",2.949544636349063,[-2.39698504  3.7875289 ],0.21164294770077885
1742176504.8401084,"{'yellow': (94, 59), 'red': (59, 66)}","[262, 463]",2.9441970937399127,[-6.94219645  4.01592683],0.2602222608276287
1742176504.8935418,"{'yellow': (95, 58), 'red': (59, 66)}","[262, 463]",2.922923707715851,[-6.8387448   2.52226086],0.023397475670127114
1742176504.9597125,"{'yellow': (95, 58), 'red': (59, 66)}","[262, 463]",2.922923707715851,[-4.10426976  1.64983539],-0.0069473089537783125
1742176505.0108142,"{'yellow': (94, 59), 'red': (59, 66)}","[261, 463]",2.9441970937399127,[-8.92698894  0.9093637 ],0.12734533623928837
1742176505.0744169,"{'yellow': (95, 61), 'red': (59, 66)}","[261, 464]",3.0035866299322738,[-7.49009052  6.13116791],0.4540879298729816
1742176505.1353428,"{'yellow': (95, 60), 'red': (60, 66)}","[261, 465]",2.971814379621455,[-4.85693096 11.67969374],0.23942240575532156
1742176505.197811,"{'yellow': (94, 56), 'red': (60, 65)}","[261, 463]",2.8828217616260954,[-3.40529668 -1.48496831],-0.3983004568612849
1742176505.2509172,"{'yellow': (94, 59), 'red': (59, 67)}","[260, 464]",2.9168814851751503,[-8.43691183  0.48245616],-0.2539399536633763
1742176505.3149035,"{'yellow': (96, 59), 'red': (60, 66)}","[261, 464]",2.949544636349063,[-1.5868468   2.74276871],0.09444536989069394
1742176505.3784182,"{'yellow': (94, 59), 'red': (58, 66)}","[260, 464]",2.949544636349063,[-4.40756056  1.60102907],0.10767908234746704
1742176505.43083,"{'yellow': (93, 60), 'red': (59, 67)}","[259, 465]",2.938547436336328,[-11.4495955    7.05041525],-0.002422281270571161
1742176505.4961538,"{'yellow': (95, 57), 'red': (60, 66)}","[259, 464]",2.8899026818316065,[-8.62669559  0.64411014],-0.2904118595141689
1742176505.5514705,"{'yellow': (96, 58), 'red': (60, 67)}","[260, 464]",2.896613990462929,[ 0.20681488 -1.9328176 ],-0.26367190015975406
1742176505.6203895,"{'yellow': (94, 59), 'red': (58, 67)}","[259, 465]",2.922923707715851,[-3.88811539  4.3489362 ],-0.0060403719059074455
1742176505.6757183,"{'yellow': (94, 58), 'red': (59, 66)}","[258, 465]",2.9168814851751503,[-10.92399491   5.16340788],0.02357763251490967
1742176505.740593,"{'yellow': (95, 57), 'red': (61, 66)}","[259, 464]",2.8828217616260954,[-2.94520741 -2.18518647],-0.1850772023930795
1742176505.7947493,"{'yellow': (93, 59), 'red': (58, 67)}","[257, 465]",2.9168814851751503,[-11.36622218   2.13182239],-0.008013416711198994
1742176505.8590775,"{'yellow': (95, 59), 'red': (60, 66)}","[257, 465]",2.9441970937399127,[-11.36956858   3.46100101],0.2106981097788102
1742176505.9101934,"{'yellow': (95, 58), 'red': (60, 66)}","[257, 465]",2.9168814851751503,[-7.33636354  2.12320706],0.03675876840591737
1742176505.9730532,"{'yellow': (94, 58), 'red': (60, 66)}","[257, 465]",2.9105019863938963,[-4.95448097  1.35151212],-0.059428036603718884
1742176506.037741,"{'yellow': (91, 59), 'red': (60, 66)}","[255, 465]",2.9195107516843133,[-14.42609722   1.0704533 ],0.015986095699666865
1742176506.0907588,"{'yellow': (95, 59), 'red': (63, 67)}","[257, 466]",2.896613990462929,[-2.59781434  6.68311744],-0.10741165986205206
1742176506.1542358,"{'yellow': (96, 60), 'red': (59, 66)}","[257, 467]",2.9808299129639586,[ 2.42261353 11.50507198],0.354694676537722
1742176506.2163699,"{'yellow': (95, 57), 'red': (59, 65)}","[257, 466]",2.922923707715851,[1.13027543 3.81459118],0.07465445508001509
1742176506.2709348,"{'yellow': (94, 58), 'red': (59, 66)}","[256, 466]",2.9168814851751503,[-5.07766537  0.51658072],-0.1247867647202795
1742176506.336899,"{'yellow': (93, 56), 'red': (60, 65)}","[255, 464]",2.875340604438868,[ -9.91720568 -10.15380672],-0.29826569204098763
1742176506.4015155,"{'yellow': (95, 59), 'red': (61, 68)}","[256, 465]",2.8828217616260954,[-2.62711522 -4.73563816],-0.22688486647955847
1742176506.454339,"{'yellow': (95, 60), 'red': (59, 67)}","[256, 466]",2.949544636349063,[0.5251315  5.10813619],0.26438006060307495
1742176506.5207655,"{'yellow': (93, 60), 'red': (58, 67)}","[254, 467]",2.9441970937399127,[-11.03405467   9.56984626],0.235081740705046
1742176506.577768,"{'yellow': (94, 56), 'red': (60, 66)}","[254, 466]",2.8555412118724752,[-11.63007294   2.35674992],-0.3814132404344093
1742176506.6329718,"{'yellow': (92, 59), 'red': (61, 66)}","[253, 466]",2.9195107516843133,[-13.68481054  -0.76578159],-0.051895177617763036
1742176506.6997051,"{'yellow': (95, 58), 'red': (62, 66)}","[254, 466]",2.9037567261323427,[-5.17107102  0.07176621],0.009004394613556357
1742176506.753917,"{'yellow': (93, 59), 'red': (60, 66)}","[253, 466]",2.9325697107835285,[-7.26253793  0.42028998],0.1415008567033935
1742176506.8185537,"{'yellow': (94, 58), 'red': (60, 68)}","[253, 467]",2.8555412118724752,[-6.73961067  5.87287538],-0.2746128114692446
1742176506.8715682,"{'yellow': (94, 58), 'red': (59, 66)}","[252, 467]",2.9168814851751503,[-10.52078185   6.43021248],0.0047562339585131425
1742176506.9350402,"{'yellow': (97, 57), 'red': (62, 66)}","[254, 466]",2.8899026818316065,[ 2.45643748 -2.06003724],-0.02435125057888702
1742176506.9977577,"{'yellow': (93, 59), 'red': (60, 66)}","[253, 466]",2.9325697107835285,[ 0.05656839 -3.27898827],0.14618666165029284
1742176507.0640066,"{'yellow': (96, 60), 'red': (60, 67)}","[254, 467]",2.949544636349063,[3.45088789 3.4477378 ],0.27239538841645405
1742176507.115919,"{'yellow': (94, 58), 'red': (58, 66)}","[253, 467]",2.922923707715851,[-0.97429697  4.80676361],0.07158949482438698
1742176507.179353,"{'yellow': (95, 58), 'red': (59, 67)}","[253, 467]",2.896613990462929,[-2.42164057  2.66881374],-0.15171445396904035
1742176507.242256,"{'yellow': (94, 59), 'red': (59, 67)}","[252, 468]",2.9168814851751503,[-6.81945948  7.23669966],-0.021919473313272653
1742176507.2953455,"{'yellow': (94, 58), 'red': (61, 66)}","[252, 468]",2.9037567261323427,[-6.76128914  7.2156687 ],-0.043223038088696666
1742176507.3573332,"{'yellow': (94, 59), 'red': (62, 66)}","[253, 468]",2.926234953892055,[1.44597008 4.40399827],0.07219408874293526
1742176507.412136,"{'yellow': (93, 57), 'red': (60, 66)}","[252, 467]",2.875340604438868,[-3.07708785 -2.69248558],-0.21756880376011634
1742176507.4738472,"{'yellow': (94, 57), 'red': (59, 68)}","[251, 467]",2.8370817703876807,[-10.18688467  -3.22731505],-0.45832976571288336
1742176507.5399516,"{'yellow': (95, 59), 'red': (60, 68)}","[251, 468]",2.8899026818316065,[-7.98697252  3.47985311],-0.07424147136078287
1742176507.5936284,"{'yellow': (96, 58), 'red': (60, 67)}","[252, 468]",2.896613990462929,[0.45584846 4.28629388],0.10613614935743154
1742176507.6586654,"{'yellow': (94, 59), 'red': (59, 67)}","[251, 469]",2.9168814851751503,[-3.57103054  7.76873402],0.16918421340790132
1742176507.7245538,"{'yellow': (93, 56), 'red': (60, 65)}","[250, 467]",2.875340604438868,[-9.6655589  -3.88438344],-0.07602064508276801
1742176507.7770166,"{'yellow': (94, 58), 'red': (61, 67)}","[250, 467]",2.875340604438868,[-8.67078018 -7.40253431],-0.1478688332869199
1742176507.8415544,"{'yellow': (94, 58), 'red': (61, 68)}","[250, 468]",2.8473580884786056,[-5.42345009  1.62292227],-0.22636471999784147
1742176507.8961616,"{'yellow': (95, 57), 'red': (61, 68)}","[251, 468]",2.8286914257094087,[1.99854172 3.25585122],-0.3228921814102021
1742176507.9587398,"{'yellow': (94, 58), 'red': (59, 68)}","[250, 469]",2.8632929945846817,[-2.52325999  7.37768509],-0.03617996094168149
1742176508.0221665,"{'yellow': (94, 58), 'red': (60, 67)}","[250, 469]",2.8828217616260954,[-3.6166419  6.5013794],0.14089091305837154
1742176508.0745187,"{'yellow': (92, 57), 'red': (61, 67)}","[249, 469]",2.82955053202726,[-8.35382374  4.25347817],-0.20344074982486118
1742176508.1383896,"{'yellow': (94, 57), 'red': (61, 67)}","[249, 469]",2.8473580884786056,[-7.09827501  3.00650454],-0.12896411835892194
1742176508.2002363,"{'yellow': (93, 57), 'red': (61, 67)}","[249, 469]",2.838707785214822,[-4.3142415   2.21653911],-0.08517041886902371
1742176508.2638779,"{'yellow': (94, 57), 'red': (61, 66)}","[249, 468]",2.875340604438868,[-2.8902675  -3.58530262],0.1304836997654747
1742176508.3183002,"{'yellow': (93, 59), 'red': (60, 68)}","[248, 469]",2.875340604438868,[-8.18832414  1.17249687],0.17459391159230447
1742176508.380982,"{'yellow': (95, 58), 'red': (61, 67)}","[249, 469]",2.8828217616260954,[-1.60685476  2.50151011],0.1456518374548117
1742176508.4347365,"{'yellow': (93, 57), 'red': (59, 67)}","[248, 469]",2.8555412118724752,[-4.83414692  1.32193509],-0.044090249064567814
1742176508.4978573,"{'yellow': (93, 59), 'red': (60, 67)}","[247, 470]",2.9037567261323427,[-10.69109161   6.2912331 ],0.19254480406146818
1742176508.5648081,"{'yellow': (95, 57), 'red': (61, 67)}","[248, 470]",2.8555412118724752,[-3.03932567  5.8667545 ],-0.03946529663979281
1742176508.6185327,"{'yellow': (94, 57), 'red': (60, 66)}","[248, 469]",2.8828217616260954,[ 0.29765329 -1.89245139],0.027182127338715122
1742176508.680558,"{'yellow': (93, 58), 'red': (59, 67)}","[247, 469]",2.8828217616260954,[-5.92551007 -2.726923  ],0.07893822900047252
1742176508.7341537,"{'yellow': (95, 59), 'red': (58, 68)}","[246, 470]",2.9029833310815922,[-12.26349504   4.49651753],0.16615866849098415
1742176508.7980437,"{'yellow': (93, 57), 'red': (57, 69)}","[244, 471]",2.819842099193151,[-20.40698096  10.17959701],-0.32774407995570576
1742176508.8548627,"{'yellow': (91, 55), 'red': (57, 68)}","[241, 470]",2.7763912038016203,[-35.15307812   2.66379321],-0.6462840274078603
1742176508.918463,"{'yellow': (90, 56), 'red': (58, 71)}","[238, 471]",2.7032560937318353,[-44.4812844    5.31548878],-0.8757966929478507
1742176508.9824605,"{'yellow': (91, 53), 'red': (57, 70)}","[235, 470]",2.677945044588987,[-50.86979165   0.19558413],-0.8468921945315652
1742176509.035569,"{'yellow': (92, 57), 'red': (59, 72)}","[233, 472]",2.714965160462917,[-54.04421394   9.66303839],-0.4303920928802768
1742176509.0991368,"{'yellow': (88, 53), 'red': (57, 70)}","[228, 471]",2.639988599400673,[-66.82593002   4.6175037 ],-0.6498283636988278
1742176509.1633356,"{'yellow': (90, 53), 'red': (58, 71)}","[225, 471]",2.6292031932790554,[-69.80013705   0.98387663],-0.6518072875986601
1742176509.2164752,"{'yellow': (88, 53), 'red': (56, 71)}","[220, 471]",2.6292031932790554,[-84.11255429   0.8638573 ],-0.4637461056228895
1742176509.2799175,"{'yellow': (88, 53), 'red': (56, 70)}","[215, 470]",2.6532587025333876,[-91.76699838  -5.16059859],-0.1706008413114951
1742176509.3436756,"{'yellow': (86, 55), 'red': (55, 71)}","[208, 471]",2.6651252341160867,[-107.19340915    0.1887734 ],0.007102116547376358
1742176509.3991299,"{'yellow': (88, 53), 'red': (57, 69)}","[203, 470]",2.6651252341160867,[-119.01304265   -3.43659032],0.03856584655959498
1742176509.4655995,"{'yellow': (86, 55), 'red': (57, 70)}","[197, 470]",2.664247271216121,[-114.83066015   -4.35423833],0.029532126531188654
1742176509.5190196,"{'yellow': (86, 54), 'red': (56, 68)}","[191, 469]",2.704965493776252,[-128.47969579   -8.81084885],0.26804705074009777
1742176509.5830758,"{'yellow': (89, 56), 'red': (57, 68)}","[187, 469]",2.782821983319221,[-116.07520908   -7.77163791],0.6805845393542116
1742176509.6367729,"{'yellow': (87, 58), 'red': (55, 67)}","[181, 469]",2.8674252024701343,[-124.08667384   -5.08767683],1.152820714211968
1742176509.7023156,"{'yellow': (87, 56), 'red': (54, 65)}","[174, 467]",2.875340604438868,[-128.58954773  -14.44060966],0.9098585215857298
1742176509.756423,"{'yellow': (85, 58), 'red': (55, 66)}","[167, 467]",2.8809902618424523,[-145.69456668  -14.5110307 ],0.681608722896565
1742176509.8216097,"{'yellow': (87, 58), 'red': (52, 62)}","[159, 465]",3.027800646446085,[-147.86163207  -19.74341514],1.2781255414697794
1742176509.8830993,"{'yellow': (88, 61), 'red': (53, 64)}","[152, 465]",3.0560873599115888,[-150.91299385  -17.20278739],1.296950507747151
1742176509.9362833,"{'yellow': (85, 57), 'red': (56, 63)}","[145, 463]",2.937574673997245,[-160.83389488  -23.59291186],0.23092226254638173
1742176510.0019727,"{'yellow': (91, 59), 'red': (57, 64)}","[142, 462]",2.995580395878518,[-131.79321874  -24.51907539],0.28918117477794036
1742176510.065976,"{'yellow': (89, 59), 'red': (55, 65)}","[137, 462]",2.9669204545815537,[-118.71445378  -17.68205394],0.16509203485119325
1742176510.12138,"{'yellow': (88, 58), 'red': (54, 65)}","[131, 461]",2.938547436336328,[-127.72709242  -18.18614837],-0.14846971810092993
1742176510.1837265,"{'yellow': (91, 59), 'red': (56, 65)}","[127, 461]",2.971814379621455,[-115.58645831  -13.99892803],0.02860610977648683
1742176510.2370484,"{'yellow': (90, 59), 'red': (56, 65)}","[123, 461]",2.9669204545815537,[-110.52779165   -9.29885882],0.0520488278467976
1742176510.301913,"{'yellow': (88, 58), 'red': (55, 64)}","[117, 460]",2.961739153797315,[-110.25449583  -11.69215209],-0.03735965129382249
1742176510.3676553,"{'yellow': (93, 58), 'red': (57, 64)}","[115, 459]",2.976443976175166,[-92.18980104 -14.48728688],0.022097125974668327
1742176510.4190705,"{'yellow': (89, 58), 'red': (55, 63)}","[110, 457]",2.995580395878518,[-97.47485722 -24.09051957],0.17245509350043683
1742176510.4823477,"{'yellow': (93, 60), 'red': (57, 64)}","[108, 457]",3.0309354324158977,[-83.2453234  -18.51129315],0.35372817933709877
1742176510.545803,"{'yellow': (88, 59), 'red': (54, 63)}","[102, 456]",3.024483909022929,[-90.71548785 -17.37778446],0.25330822504538264
1742176510.5990794,"{'yellow': (95, 59), 'red': (60, 63)}","[102, 455]",3.027800646446085,[-75.17313822 -20.56172685],0.18629716197938156
1742176510.6675644,"{'yellow': (94, 61), 'red': (59, 64)}","[101, 455]",3.0560873599115888,[-51.63973767 -14.67396696],0.28915706696775767
1742176510.7230349,"{'yellow': (97, 64), 'red': (60, 64)}","[102, 457]",3.141592653589793,[-31.83448485   1.53856882],0.7656358710501225
1742176510.7767925,"{'yellow': (95, 61), 'red': (58, 62)}","[101, 456]",3.1145722044025286,[-25.03719583  -1.14575132],0.5247661927082159
1742176510.840816,"{'yellow': (95, 64), 'red': (59, 63)}","[101, 457]",-3.113822016996372,[-17.67671586   2.67045999],-34.42993529545798
1742176510.9055746,"{'yellow': (95, 63), 'red': (59, 61)}","[101, 457]",-3.0860941483440762,[-10.59488911   4.23311864],-33.37203330750227
1742176510.9666505,"{'yellow': (95, 65), 'red': (59, 61)}","[101, 458]",-3.0309354324158977,[-5.81834501  8.7071796 ],-21.0459312219278
1742176511.0201983,"{'yellow': (95, 64), 'red': (58, 60)}","[100, 458]",-3.0339027827569724,[-8.94316336  8.47232501],-15.311167982342475
1742176511.0840673,"{'yellow': (97, 63), 'red': (59, 60)}","[101, 457]",-3.0628086926006493,[-0.96463946  0.08778722],-11.207444613324437
1742176511.1481576,"{'yellow': (96, 64), 'red': (58, 61)}","[101, 457]",-3.0628086926006493,[ 1.35352194 -1.41821244],-8.023045192154694
1742176511.2007222,"{'yellow': (93, 64), 'red': (58, 61)}","[99, 457]",-3.0560873599115888,[-11.23452116  -0.89706773],-5.549998205739526
1742176511.2656972,"{'yellow': (96, 68), 'red': (59, 60)}","[99, 459]",-2.9286543040103963,[-10.56494929  10.09327657],-2.6744114346482006
1742176511.3185978,"{'yellow': (95, 65), 'red': (60, 58)}","[99, 458]",-2.9441970937399127,[-6.81411282  5.36535508],-0.9201987016637514
1742176511.3828943,"{'yellow': (94, 64), 'red': (59, 59)}","[98, 457]",-2.999695598985629,[-10.20959827  -4.62315645],0.08084592188664089
1742176511.4477544,"{'yellow': (95, 68), 'red': (59, 60)}","[98, 459]",-2.922923707715851,[-8.69180005  6.30220786],0.3792072194888454
1742176511.5016673,"{'yellow': (96, 65), 'red': (59, 58)}","[98, 458]",-2.9546133836708823,[-5.94786632  2.93620029],0.25639051241071886
1742176511.5677767,"{'yellow': (96, 65), 'red': (60, 58)}","[99, 457]",-2.949544636349063,[ 1.39801617 -5.71904386],0.12600654354563337
1742176511.6225111,"{'yellow': (92, 69), 'red': (58, 59)}","[97, 459]",-2.8555412118724752,[-8.8811467   6.09182469],0.665438066292034
1742176511.6874526,"{'yellow': (94, 70), 'red': (60, 57)}","[97, 460]",-2.7763912038016203,[-9.16937926 12.8643772 ],1.0081521948788286
1742176511.740875,"{'yellow': (95, 65), 'red': (61, 56)}","[98, 458]",-2.8828217616260954,[ 0.41287789 -1.45250593],0.20958243635436002
1742176511.8036463,"{'yellow': (92, 68), 'red': (59, 58)}","[96, 459]",-2.8473580884786056,[-9.35373822  0.94332007],0.13119282799260512
1742176511.8661387,"{'yellow': (95, 66), 'red': (61, 57)}","[97, 458]",-2.8828217616260954,[-4.60207193 -2.21276543],0.0042779126247607935
1742176511.9204795,"{'yellow': (92, 71), 'red': (60, 58)}","[96, 460]",-2.7557099841917196,[-6.44767392  8.00844771],0.6786590375266401
1742176511.9834518,"{'yellow': (93, 70), 'red': (61, 56)}","[96, 461]",-2.729182211992406,[-6.48163299 14.37251747],0.8115498800394035
1742176512.0535433,"{'yellow': (94, 67), 'red': (60, 55)}","[96, 460]",-2.8023000391357487,[-4.13233896  5.3811669 ],0.15225962883164468
1742176512.1075969,"{'yellow': (94, 68), 'red': (60, 55)}","[96, 459]",-2.7763912038016203,[-2.90177877 -4.062087  ],0.09731248943617515
1742176512.16052,"{'yellow': (91, 75), 'red': (60, 56)}","[94, 462]",-2.5917394709132084,[-13.88343224  13.40586127],1.2543353400173356
1742176512.2246459,"{'yellow': (95, 72), 'red': (62, 54)}","[95, 463]",-2.642245931909663,[-6.85792524 19.79780821],0.8337945162522371
1742176512.2888067,"{'yellow': (92, 70), 'red': (62, 53)}","[95, 462]",-2.6260436461308143,[-2.4127178   8.92218448],0.5276992462558266
1742176512.3423738,"{'yellow': (93, 67), 'red': (61, 53)}","[95, 460]",-2.729182211992406,[-1.79377954 -7.9890385 ],-0.1906403205774178
1742176512.408829,"{'yellow': (94, 68), 'red': (61, 55)}","[95, 459]",-2.766321830733836,[ -1.39840904 -13.12956475],-0.4833822430024627
1742176512.4604945,"{'yellow': (92, 71), 'red': (61, 56)}","[94, 460]",-2.6909313275091598,[-6.76563438 -5.21033956],0.03680623039076157
1742176512.5261292,"{'yellow': (93, 70), 'red': (62, 55)}","[94, 460]",-2.6909313275091598,[-6.03069229 -1.74631022],0.14920842735277506
1742176512.5802133,"{'yellow': (94, 72), 'red': (62, 54)}","[95, 461]",-2.6292031932790554,[2.07607865 4.24410358],0.4384530162512317
1742176512.6446345,"{'yellow': (91, 71), 'red': (62, 53)}","[94, 461]",-2.5860989183242498,[-2.50085585  4.03214061],0.6043590363987323
1742176512.7104306,"{'yellow': (92, 69), 'red': (62, 53)}","[94, 460]",-2.651635327336065,[-3.45615898 -3.48331785],0.08513369270637419
1742176512.7635033,"{'yellow': (94, 72), 'red': (62, 55)}","[95, 461]",-2.6532587025333876,[3.51976438 1.56321968],-0.07239940881538708
1742176512.8307416,"{'yellow': (91, 70), 'red': (62, 53)}","[94, 460]",-2.611376880813163,[-1.55895642 -1.87370518],0.2242090965675813
1742176512.8838253,"{'yellow': (90, 73), 'red': (62, 55)}","[93, 462]",-2.5702551737561663,[-9.37634385  8.60124617],0.5132964693403723
1742176512.949856,"{'yellow': (93, 68), 'red': (64, 53)}","[94, 460]",-2.664247271216121,[-1.71231724 -1.72031024],-0.13191347433741968
1742176513.0052311,"{'yellow': (93, 71), 'red': (63, 54)}","[95, 460]",-2.6260436461308143,[ 7.13187117 -6.08570908],-0.09029253776660055
1742176513.059769,"{'yellow': (90, 71), 'red': (62, 54)}","[94, 460]",-2.5959375990628013,[ 0.29084688 -3.47516076],0.2213600107392477
1742176513.1245043,"{'yellow': (91, 71), 'red': (63, 54)}","[94, 460]",-2.5959375990628013,[-1.90040676 -2.41688619],0.16806112197037595
1742176513.1873817,"{'yellow': (92, 72), 'red': (63, 55)}","[94, 461]",-2.611376880813163,[-0.80467408  3.83681807],0.018007076075987276
1742176513.241157,"{'yellow': (93, 71), 'red': (64, 53)}","[95, 461]",-2.5860989183242498,[5.38808909 4.79023146],0.14175703765260286
1742176513.3080251,"{'yellow': (90, 70), 'red': (62, 54)}","[94, 461]",-2.62244653934327,[-0.41811726  2.59338991],-0.06124547828712809
1742176513.3614495,"{'yellow': (90, 71), 'red': (63, 54)}","[93, 461]",-2.579671091332978,[-8.42321269  1.97645546],0.12304560225669424
1742176513.4238844,"{'yellow': (92, 70), 'red': (64, 53)}","[94, 460]",-2.5959375990628013,[-1.14622076 -4.23760804],0.07592453578304319
1742176513.4911077,"{'yellow': (92, 73), 'red': (63, 55)}","[94, 462]",-2.5860989183242498,[0.92361673 6.65126398],0.07468500925547301
1742176513.543539,"{'yellow': (91, 70), 'red': (62, 53)}","[93, 461]",-2.611376880813163,[-5.65792997  3.24641608],-0.08135160913653595
1742176513.6076262,"{'yellow': (92, 71), 'red': (64, 53)}","[94, 461]",-2.5702551737561663,[ 0.26804098 -0.35178197],0.1269054397513296
1742176513.6631994,"{'yellow': (91, 71), 'red': (63, 54)}","[94, 461]",-2.5959375990628013,[ 2.38336985 -0.06012872],0.02741457568883423
1742176513.7303138,"{'yellow': (90, 71), 'red': (64, 54)}","[94, 461]",-2.5625183842220625,[ 1.13293432 -0.15042472],0.14459855648737208
1742176513.7840478,"{'yellow': (89, 72), 'red': (64, 54)}","[93, 462]",-2.5175696006130366,[-5.07941327  5.77472677],0.4387647453057761
1742176513.8487241,"{'yellow': (90, 71), 'red': (64, 53)}","[93, 462]",-2.5360479899848234,[-4.66891168  5.41872615],0.25218063316385086
1742176513.9023113,"{'yellow': (91, 71), 'red': (64, 53)}","[93, 462]",-2.5535900500422257,[-2.96995722  3.61062611],0.01911323604255706
1742176513.962793,"{'yellow': (90, 72), 'red': (64, 53)}","[93, 462]",-2.510513266118464,[-2.2143265   2.53156093],0.2472191857988409
1742176514.0274847,"{'yellow': (90, 71), 'red': (64, 52)}","[93, 461]",-2.510513266118464,[-1.53279303 -3.87040448],0.24549432541982316
1742176514.0816352,"{'yellow': (90, 74), 'red': (64, 54)}","[93, 463]",-2.485897027348257,[-1.07345574  7.27349916],0.3094741025390053
1742176514.1489644,"{'yellow': (90, 71), 'red': (64, 52)}","[93, 462]",-2.510513266118464,[-0.8978319   2.75658736],0.10340479356648011
1742176514.2032053,"{'yellow': (90, 73), 'red': (65, 52)}","[93, 462]",-2.44293282886833,[-0.56196945 -0.71137344],0.41495724486409136
1742176514.2672145,"{'yellow': (91, 70), 'red': (65, 53)}","[94, 461]",-2.5625183842220625,[ 5.25244269 -5.63493343],-0.2706307106946063
1742176514.331658,"{'yellow': (90, 73), 'red': (64, 54)}","[94, 462]",-2.510513266118464,[ 5.42491108 -0.18495594],-0.12539590484373916
1742176514.3855767,"{'yellow': (88, 73), 'red': (64, 52)}","[93, 462]",-2.4227626539681686,[-2.29440674  2.17754737],0.5701283845250011
1742176514.4528842,"{'yellow': (91, 71), 'red': (64, 53)}","[93, 462]",-2.5535900500422257,[-2.88461551  0.95212844],-0.22198793649192178
1742176514.5061808,"{'yellow': (90, 73), 'red': (65, 52)}","[93, 462]",-2.44293282886833,[-1.75045155  0.65853893],0.1886113519993347
1742176514.5702796,"{'yellow': (89, 73), 'red': (65, 53)}","[93, 463]",-2.44685437739309,[-1.19967171  6.00375408],0.3341258833487438
1742176514.622276,"{'yellow': (90, 71), 'red': (64, 52)}","[93, 462]",-2.510513266118464,[-0.95554419  0.16477434],-0.18710994140548692
1742176514.6874702,"{'yellow': (89, 71), 'red': (65, 53)}","[93, 462]",-2.498091544796509,[-0.76468792 -1.57986235],-0.1450345377339457
1742176514.7566178,"{'yellow': (89, 73), 'red': (65, 53)}","[93, 463]",-2.44685437739309,[-0.63709486  4.72072465],0.21859848511163182
1742176514.8106253,"{'yellow': (89, 72), 'red': (65, 52)}","[93, 463]",-2.44685437739309,[-0.55599587  5.31837942],0.25999009866786704
1742176514.8641407,"{'yellow': (89, 73), 'red': (65, 52)}","[93, 463]",-2.4227626539681686,[-0.26173817  3.1859342 ],0.2938178019554277
1742176514.926218,"{'yellow': (88, 73), 'red': (65, 52)}","[92, 463]",-2.401617769613922,[-5.65083401  2.16130801],0.3501080578829934
1742176514.9909215,"{'yellow': (90, 72), 'red': (66, 52)}","[93, 463]",-2.44685437739309,[0.         1.49154506],0.03331485852740047
1742176515.0439928,"{'yellow': (89, 71), 'red': (64, 51)}","[92, 462]",-2.4668517113662407,[-3.6220775 -4.9358047],-0.2083975417738519
1742176515.1111155,"{'yellow': (89, 73), 'red': (66, 53)}","[92, 463]",-2.425849063920913,[-4.3928216   0.64553673],0.08726894455364956
1742176515.1651735,"{'yellow': (89, 71), 'red': (65, 52)}","[92, 462]",-2.4719537079131557,[-2.88308736 -3.03573491],-0.11477875777413249
1742176515.2306583,"{'yellow': (88, 73), 'red': (65, 53)}","[91, 463]",-2.425849063920913,[-7.39677294  1.29365434],0.07472284417469037
1742176515.2864468,"{'yellow': (90, 72), 'red': (66, 51)}","[92, 462]",-2.4227626539681686,[-1.41908056 -2.87212818],0.1623443511180384
1742176515.3507805,"{'yellow': (89, 73), 'red': (65, 53)}","[92, 463]",-2.44685437739309,[0.98875808 1.56460577],-0.041220207261289186
1742176515.402699,"{'yellow': (88, 73), 'red': (65, 51)}","[91, 463]",-2.378413055519064,[-5.61417128  3.56316463],0.3312489958501874
1742176515.4695551,"{'yellow': (89, 72), 'red': (66, 51)}","[91, 462]",-2.401617769613922,[-5.07514688 -3.53554899],0.20710151598230594
1742176515.5346487,"{'yellow': (88, 74), 'red': (66, 52)}","[91, 463]",-2.356194490192345,[-3.21245095  1.39812105],0.33977165767950257
1742176515.5877986,"{'yellow': (88, 72), 'red': (66, 51)}","[91, 462]",-2.3794461130028077,[-2.11080496 -2.43903128],0.20577436103788
1742176515.6542358,"{'yellow': (89, 74), 'red': (66, 52)}","[91, 463]",-2.378413055519064,[-1.46432825  1.74505482],0.09011456196937787
1742176515.7102404,"{'yellow': (88, 73), 'red': (65, 52)}","[90, 463]",-2.401617769613922,[-6.75995908  3.50491375],-0.05575987613471488
1742176515.7747653,"{'yellow': (90, 72), 'red': (67, 51)}","[91, 462]",-2.401617769613922,[-0.63230375 -3.6429045 ],-0.08098459799885346
1742176515.829486,"{'yellow': (89, 73), 'red': (66, 53)}","[91, 463]",-2.425849063920913,[1.70986494 1.39434175],-0.19524674075291912
1742176515.892977,"{'yellow': (89, 73), 'red': (66, 52)}","[91, 463]",-2.401617769613922,[0.80241665 2.85694938],-0.041542196884919856
1742176515.944348,"{'yellow': (89, 73), 'red': (66, 52)}","[91, 463]",-2.401617769613922,[0.73278209 1.81627283],0.013843876559040534
1742176516.010487,"{'yellow': (89, 71), 'red': (65, 52)}","[91, 462]",-2.4719537079131557,[ 0.52805195 -4.18440017],-0.39105616656313025
1742176516.0657487,"{'yellow': (88, 72), 'red': (66, 52)}","[91, 462]",-2.403777593469328,[ 0.42950346 -5.1063033 ],-0.02212488007345049
1742176516.1306596,"{'yellow': (88, 73), 'red': (66, 53)}","[91, 463]",-2.403777593469328,[0.35135095 2.60923689],0.12392429483265009
1742176516.1847463,"{'yellow': (88, 73), 'red': (65, 52)}","[90, 463]",-2.401617769613922,[-5.58221804  3.655032  ],0.0823847757355663
1742176516.248897,"{'yellow': (89, 73), 'red': (67, 51)}","[91, 463]",-2.356194490192345,[0.26311608 2.02462915],0.3136834241802538
1742176516.3037305,"{'yellow': (88, 73), 'red': (65, 52)}","[90, 463]",-2.401617769613922,[-3.63254881  1.50399976],0.04797108164207158
1742176516.3667343,"{'yellow': (90, 73), 'red': (66, 52)}","[91, 463]",-2.4227626539681686,[1.06072126 0.9411556 ],-0.17016632082196456
1742176516.4314268,"{'yellow': (88, 73), 'red': (66, 52)}","[91, 463]",-2.3794461130028077,[2.63432327 0.75629267],0.10187619871628727
1742176516.4957974,"{'yellow': (89, 74), 'red': (66, 52)}","[91, 464]",-2.378413055519064,[1.47493572 5.97549159],0.15719001313806805
1742176516.5506732,"{'yellow': (88, 71), 'red': (66, 51)}","[91, 463]",-2.403777593469328,[1.09346486 0.55406727],-0.04444736019575696
1742176516.615621,"{'yellow': (88, 72), 'red': (66, 52)}","[91, 463]",-2.403777593469328,[ 0.84332443 -1.67163764],-0.08236734606859598
1742176516.6678414,"{'yellow': (89, 73), 'red': (66, 52)}","[91, 463]",-2.401617769613922,[ 0.71342221 -1.06707264],-0.03958842158926825
1742176516.7323577,"{'yellow': (89, 72), 'red': (66, 52)}","[91, 463]",-2.425849063920913,[ 0.60112204 -0.69002514],-0.16029922248720635
1742176516.7875528,"{'yellow': (88, 73), 'red': (66, 52)}","[91, 463]",-2.3794461130028077,[ 0.29696542 -0.52759603],0.10796620094754075
1742176516.8522108,"{'yellow': (88, 73), 'red': (66, 52)}","[91, 463]",-2.3794461130028077,[ 0.25748456 -0.41464146],0.16039090231564423
1742176516.9081068,"{'yellow': (89, 72), 'red': (66, 51)}","[91, 462]",-2.401617769613922,[ 0.        -6.2531393],-0.03236112005089234
1742176516.971537,"{'yellow': (88, 74), 'red': (66, 53)}","[91, 463]",-2.3794461130028077,[ 0.        -0.2970206],0.061349554282878534
1742176517.0252712,"{'yellow': (87, 72), 'red': (66, 52)}","[90, 463]",-2.3805798993650633,[-6.00874723  2.08518805],0.09486761615714974
1742176517.0920346,"{'yellow': (90, 72), 'red': (66, 52)}","[91, 463]",-2.44685437739309,[0.         1.03778306],-0.30130492691346994
1742176517.1466885,"{'yellow': (89, 73), 'red': (66, 52)}","[91, 463]",-2.401617769613922,[2.28490741 0.71365004],-0.0827758797331536
1742176517.211758,"{'yellow': (88, 72), 'red': (65, 52)}","[90, 463]",-2.425849063920913,[-4.42716485  0.52058508],-0.09200946444456387
1742176517.2758622,"{'yellow': (88, 74), 'red': (66, 51)}","[90, 463]",-2.333975924865626,[-4.71306975  0.41074753],0.3753698311413985
1742176517.3295763,"{'yellow': (89, 72), 'red': (67, 51)}","[91, 462]",-2.3794461130028077,[ 2.83754831 -5.54354246],0.1850413256213593
1742176517.393853,"{'yellow': (88, 74), 'red': (65, 53)}","[90, 463]",-2.401617769613922,[-2.09067017  0.29663896],-0.1073354212833015
1742176517.448645,"{'yellow': (89, 72), 'red': (66, 51)}","[90, 462]",-2.401617769613922,[-3.74174979 -3.36312788],-0.09861440455647591
1742176517.5135868,"{'yellow': (90, 72), 'red': (67, 52)}","[91, 462]",-2.425849063920913,[ 3.4260428  -4.43632518],-0.185333776890003
1742176517.5670998,"{'yellow': (88, 74), 'red': (66, 53)}","[91, 463]",-2.3794461130028077,[4.61205923 3.05521427],0.09931278277064358
1742176517.6318076,"{'yellow': (87, 73), 'red': (65, 52)}","[90, 463]",-2.3794461130028077,[-3.03273111  3.5404509 ],0.15080568952390883
1742176517.696914,"{'yellow': (90, 73), 'red': (67, 52)}","[91, 463]",-2.401617769613922,[1.82298678 2.05619012],-0.043767819393840245
1742176517.7529535,"{'yellow': (88, 73), 'red': (66, 51)}","[91, 463]",-2.356194490192345,[3.76610835 1.54885512],0.18630290496266866
1742176517.8139687,"{'yellow': (88, 74), 'red': (65, 51)}","[90, 463]",-2.356194490192345,[-3.50641315  1.21982076],0.20336393038779849
1742176517.8668249,"{'yellow': (89, 73), 'red': (67, 51)}","[91, 463]",-2.356194490192345,[1.38846682 1.03472454],0.14370107963969656
1742176517.932752,"{'yellow': (87, 74), 'red': (65, 51)}","[90, 463]",-2.333975924865626,[-2.50706178  0.64096463],0.22500295041843554
1742176517.9951804,"{'yellow': (89, 73), 'red': (67, 51)}","[91, 463]",-2.356194490192345,[1.65218283 0.55153553],0.07319457371980219
1742176518.0487254,"{'yellow': (88, 73), 'red': (66, 51)}","[91, 463]",-2.356194490192345,[3.37879082 0.25954158],0.0005238694473284761
1742176518.1112256,"{'yellow': (89, 72), 'red': (66, 51)}","[91, 462]",-2.401617769613922,[ 1.89138165 -5.62052765],-0.25037816158740483
1742176518.1767113,"{'yellow': (89, 74), 'red': (66, 52)}","[91, 463]",-2.378413055519064,[1.35258974 0.        ],-0.11554918967690646
1742176518.2298856,"{'yellow': (87, 73), 'red': (65, 51)}","[90, 463]",-2.356194490192345,[-5.04788921  2.33029317],0.10590678477411068
1742176518.2944448,"{'yellow': (89, 73), 'red': (66, 51)}","[90, 463]",-2.378413055519064,[-4.80907485  1.06194375],-0.040323293870272156
1742176518.3488176,"{'yellow': (90, 72), 'red': (66, 51)}","[91, 462]",-2.4227626539681686,[ 2.91091086 -5.20866912],-0.34649863601916187
1742176518.4125705,"{'yellow': (87, 74), 'red': (65, 52)}","[90, 463]",-2.356194490192345,[-2.23499727  0.53011449],0.07627374929402402
1742176518.476913,"{'yellow': (89, 73), 'red': (66, 51)}","[90, 463]",-2.378413055519064,[-3.51903173  2.37618698],0.05564608816172891
1742176518.5311964,"{'yellow': (89, 73), 'red': (67, 51)}","[91, 463]",-2.356194490192345,[3.51586006 1.41094175],0.11097567438634401
1742176518.5946226,"{'yellow': (90, 73), 'red': (65, 52)}","[91, 463]",-2.44293282886833,[3.93897894 0.98576673],-0.3576651533980491
1742176518.6502066,"{'yellow': (89, 73), 'red': (66, 51)}","[91, 463]",-2.378413055519064,[2.5767307  0.79815728],-0.0470517091822337
1742176518.7129817,"{'yellow': (88, 74), 'red': (66, 51)}","[91, 463]",-2.333975924865626,[1.85611105 0.41607913],0.34337349330627154
1742176518.7777443,"{'yellow': (88, 73), 'red': (66, 51)}","[91, 463]",-2.356194490192345,[1.47077543 0.34226431],0.16646579659707797
1742176518.8293371,"{'yellow': (89, 72), 'red': (65, 51)}","[91, 462]",-2.4227626539681686,[ 1.034277   -5.78114372],-0.34041267456215674
1742176518.8920279,"{'yellow': (88, 74), 'red': (66, 52)}","[91, 463]",-2.356194490192345,[0.64663086 0.26068274],0.0605438983533873
1742176518.9494164,"{'yellow': (88, 71), 'red': (65, 51)}","[90, 462]",-2.425849063920913,[-5.2934596  -3.64078072],-0.22226544395108033
1742176519.0164294,"{'yellow': (89, 73), 'red': (67, 52)}","[91, 462]",-2.3794461130028077,[ 0.25786968 -4.36880382],-0.025027886787795117
1742176519.069177,"{'yellow': (88, 73), 'red': (66, 51)}","[91, 462]",-2.356194490192345,[ 2.32545596 -2.89457518],0.23291350899751903
1742176519.1332424,"{'yellow': (87, 73), 'red': (65, 52)}","[90, 462]",-2.3794461130028077,[-4.46796115 -1.99413559],0.04649258122588547
1742176519.1974566,"{'yellow': (89, 73), 'red': (66, 52)}","[90, 462]",-2.401617769613922,[-4.6803856 -1.3926702],-0.1472929379465005
1742176519.2520177,"{'yellow': (90, 73), 'red': (67, 52)}","[91, 462]",-2.401617769613922,[ 2.8592079  -0.97049374],-0.14435807796734149
1742176519.3155062,"{'yellow': (89, 74), 'red': (65, 52)}","[91, 463]",-2.399645385583876,[3.45470381 4.94256098],-0.06592399891130918
1742176519.370119,"{'yellow': (88, 73), 'red': (65, 51)}","[90, 463]",-2.378413055519064,[-3.84018404  5.69765371],0.090166421178698
1742176519.4358976,"{'yellow': (89, 70), 'red': (66, 52)}","[90, 462]",-2.4775464907631086,[-3.94212792 -2.14362722],-0.4600219671800068
1742176519.4903023,"{'yellow': (90, 73), 'red': (66, 52)}","[91, 462]",-2.4227626539681686,[ 3.48718719 -3.30177214],-0.20464608479306573
1742176519.5550563,"{'yellow': (89, 72), 'red': (65, 52)}","[91, 462]",-2.44685437739309,[ 3.76846009 -1.7248652 ],-0.1541024755480339
1742176519.6178896,"{'yellow': (87, 74), 'red': (65, 51)}","[90, 462]",-2.333975924865626,[-3.14623656 -1.18794524],0.4498302874253941
1742176519.672966,"{'yellow': (89, 72), 'red': (66, 52)}","[90, 462]",-2.425849063920913,[-4.0770953  -0.93725827],0.01603645483017741
1742176519.736647,"{'yellow': (89, 74), 'red': (66, 51)}","[90, 462]",-2.356194490192345,[-2.37390333 -0.75492141],0.20811137323895373
1742176519.7892454,"{'yellow': (90, 72), 'red': (66, 52)}","[91, 462]",-2.44685437739309,[ 4.21910569 -0.65057297],-0.2212779933769047
1742176519.852238,"{'yellow': (88, 73), 'red': (65, 52)}","[90, 462]",-2.401617769613922,[-1.21111596 -0.55845521],-0.059370601180421465
1742176519.9188411,"{'yellow': (89, 72), 'red': (67, 52)}","[91, 462]",-2.403777593469328,[ 2.70984389 -0.25852478],0.05401845659148203
1742176519.9698436,"{'yellow': (88, 72), 'red': (65, 52)}","[90, 462]",-2.425849063920913,[-1.71824592  0.        ],-0.10382259543891348
1742176520.0350678,"{'yellow': (89, 73), 'red': (66, 51)}","[90, 462]",-2.378413055519064,[-3.19208783  0.        ],0.14678256429121628
1742176520.096897,"{'yellow': (90, 73), 'red': (66, 51)}","[91, 462]",-2.399645385583876,[3.7817757 0.       ],0.06710852077857984
1742176520.1489546,"{'yellow': (87, 72), 'red': (65, 51)}","[90, 461]",-2.3794461130028077,[-1.1195759  -6.02359415],0.09959657728317516
1742176520.2128475,"{'yellow': (89, 73), 'red': (66, 52)}","[90, 461]",-2.401617769613922,[-2.81942314 -5.5720313 ],-0.001973337274848292
1742176520.2770855,"{'yellow': (90, 75), 'red': (65, 52)}","[90, 462]",-2.3978370692909334,[-1.67681016  1.94439273],-0.025492666164268
1742176520.3310668,"{'yellow': (90, 72), 'red': (66, 51)}","[91, 461]",-2.4227626539681686,[ 4.71362594 -2.56398591],-0.14184578700343098
1742176520.3928926,"{'yellow': (88, 74), 'red': (64, 53)}","[90, 462]",-2.4227626539681686,[-0.80809556  1.77406497],-0.14279072174127982
1742176520.4552453,"{'yellow': (89, 71), 'red': (66, 51)}","[90, 461]",-2.425849063920913,[-2.67102549 -2.30595379],-0.10789321766950798
1742176520.5169458,"{'yellow': (91, 73), 'red': (66, 52)}","[91, 461]",-2.44293282886833,[ 4.17907052 -3.58663276],-0.17713380074500568
1742176520.5702777,"{'yellow': (89, 73), 'red': (65, 52)}","[91, 461]",-2.4227626539681686,[ 4.98867776 -2.16561263],-0.04841844092863085
1742176520.6360955,"{'yellow': (89, 74), 'red': (65, 52)}","[91, 462]",-2.399645385583876,[2.80025551 4.12939556],0.13245677947508344
1742176520.6899898,"{'yellow': (89, 72), 'red': (65, 52)}","[91, 462]",-2.44685437739309,[2.16666974 5.04996614],-0.14594343149059197
1742176520.7552533,"{'yellow': (88, 72), 'red': (65, 52)}","[90, 462]",-2.425849063920913,[-3.97869681  2.85073036],-0.05874009285680816
1742176520.8198245,"{'yellow': (88, 72), 'red': (66, 52)}","[90, 462]",-2.403777593469328,[-4.41399267  1.89232615],0.1330346282817724
1742176520.8701522,"{'yellow': (90, 71), 'red': (66, 52)}","[91, 461]",-2.4719537079131557,[ 3.09062092 -4.51816617],-0.2720650055378241
1742176520.9351768,"{'yellow': (88, 72), 'red': (65, 52)}","[90, 461]",-2.425849063920913,[-1.96839795 -4.48509799],-0.03775266935802317
1742176520.9988003,"{'yellow': (90, 72), 'red': (66, 53)}","[91, 461]",-2.4719537079131557,[ 1.92547549 -2.5839696 ],-0.17775157392404917
1742176521.052852,"{'yellow': (87, 73), 'red': (65, 53)}","[90, 462]",-2.403777593469328,[-2.38149838  3.93302927],0.16756534129998535
1742176521.1173978,"{'yellow': (89, 72), 'red': (66, 51)}","[90, 461]",-2.401617769613922,[-3.51553953 -1.56182249],0.24147935445318786
1742176521.171158,"{'yellow': (90, 73), 'red': (66, 52)}","[91, 461]",-2.4227626539681686,[ 3.8203061  -3.65532814],0.0304868477172889
1742176521.2355332,"{'yellow': (88, 71), 'red': (65, 52)}","[90, 460]",-2.451146196535101,[-1.35800492 -7.47228318],-0.16110983016220062
1742176521.3005471,"{'yellow': (89, 74), 'red': (66, 53)}","[90, 461]",-2.401617769613922,[-2.81094157 -1.23736842],0.11968921642895237
1742176521.3580313,"{'yellow': (89, 73), 'red': (65, 52)}","[90, 461]",-2.4227626539681686,[-1.74879616  1.43200464],0.06963835770956764
1742176521.414034,"{'yellow': (89, 72), 'red': (66, 52)}","[90, 461]",-2.425849063920913,[-1.31921168  0.68701444],-0.02198761825009138
1742176521.4783075,"{'yellow': (89, 73), 'red': (66, 53)}","[90, 462]",-2.425849063920913,[-0.80927184  5.78386774],-0.018456476187626726
1742176521.5319307,"{'yellow': (90, 72), 'red': (65, 51)}","[90, 461]",-2.44293282886833,[-0.6842999   0.23738489],-0.11360095279632194
1742176521.5977268,"{'yellow': (89, 74), 'red': (66, 52)}","[90, 462]",-2.378413055519064,[-0.34545177  3.71485925],0.24007344341912945
1742176521.6629,"{'yellow': (90, 71), 'red': (65, 51)}","[90, 461]",-2.4668517113662407,[-0.29351898 -0.61336082],-0.1976855271310783
1742176521.7168324,"{'yellow': (90, 73), 'red': (66, 52)}","[91, 461]",-2.4227626539681686,[ 5.57602763 -2.64578089],-0.07468060003589586
1742176521.7819362,"{'yellow': (89, 72), 'red': (65, 52)}","[91, 461]",-2.44685437739309,[ 5.43896971 -1.2798266 ],-0.07491406019913793
1742176521.8364182,"{'yellow': (88, 73), 'red': (65, 52)}","[90, 461]",-2.401617769613922,[-2.31650665 -1.12828212],0.1471286430205926
1742176521.9009156,"{'yellow': (90, 72), 'red': (65, 52)}","[90, 461]",-2.4668517113662407,[-2.97020232 -0.8606768 ],-0.17802591109743343
1742176521.9551091,"{'yellow': (89, 74), 'red': (65, 52)}","[90, 462]",-2.399645385583876,[-1.77027775  5.21623044],0.12668222736837187
1742176522.0173194,"{'yellow': (89, 70), 'red': (66, 51)}","[90, 460]",-2.451146196535101,[-1.21974439 -6.23291805],-0.06767628256792224
1742176522.071765,"{'yellow': (89, 73), 'red': (66, 53)}","[90, 461]",-2.425849063920913,[-0.96284448 -2.6213727 ],-0.020066584867114986
1742176522.1375587,"{'yellow': (90, 71), 'red': (65, 52)}","[90, 460]",-2.4917222041778455,[-0.76696147 -4.89471786],-0.31813495625933547
1742176522.199571,"{'yellow': (90, 73), 'red': (65, 53)}","[90, 461]",-2.4668517113662407,[-0.64291708  0.28849763],-0.19072284998927214
1742176522.2549324,"{'yellow': (89, 71), 'red': (66, 52)}","[90, 460]",-2.451146196535101,[-0.5637518  -3.46167649],0.019255046624656116
1742176522.3162265,"{'yellow': (89, 72), 'red': (65, 52)}","[90, 460]",-2.44685437739309,[-0.26021477 -4.44910314],0.0493320627578945
1742176522.3726203,"{'yellow': (89, 73), 'red': (65, 52)}","[90, 460]",-2.4227626539681686,[ 0.         -2.85193245],0.17202486394925143
1742176522.4355443,"{'yellow': (89, 72), 'red': (65, 53)}","[90, 460]",-2.4719537079131557,[ 0.         -1.96933274],-0.11474136883317551
1742176522.497988,"{'yellow': (90, 72), 'red': (65, 52)}","[90, 460]",-2.4668517113662407,[ 0.         -1.37860193],-0.14400344652510227
1742176522.5636678,"{'yellow': (89, 73), 'red': (65, 52)}","[90, 460]",-2.4227626539681686,[ 0.         -0.69658286],0.17330186875451314
1742176522.617964,"{'yellow': (90, 73), 'red': (65, 52)}","[90, 460]",-2.44293282886833,[ 0.         -0.60347154],0.09541815554172442
1742176522.681573,"{'yellow': (89, 73), 'red': (65, 52)}","[90, 460]",-2.4227626539681686,[ 0.         -0.29226823],0.13041982504902844
1742176522.7371385,"{'yellow': (90, 72), 'red': (66, 52)}","[91, 460]",-2.44685437739309,[ 5.88604449 -0.2589707 ],-0.010195996846332527
1742176522.8014333,"{'yellow': (88, 72), 'red': (64, 52)}","[90, 460]",-2.44685437739309,[0. 0.],-0.05323995657438246
1742176522.853215,"{'yellow': (89, 72), 'red': (65, 52)}","[90, 460]",-2.44685437739309,[-2.41069688  0.        ],-0.03120382335667299
1742176522.9190292,"{'yellow': (89, 72), 'red': (65, 52)}","[90, 460]",-2.44685437739309,[-1.06294489  0.        ],-0.020311102021812848
1742176522.9852068,"{'yellow': (89, 73), 'red': (65, 52)}","[90, 460]",-2.4227626539681686,[-0.6836191  0.       ],0.1196884879723898
1742176523.038061,"{'yellow': (89, 72), 'red': (65, 52)}","[90, 460]",-2.44685437739309,[-0.52985465  0.        ],-0.013294817950622156
1742176523.0960145,"{'yellow': (89, 72), 'red': (65, 52)}","[90, 460]",-2.44685437739309,[-0.42720241  0.        ],-0.06906339617707133
1742176523.1619642,"{'yellow': (90, 71), 'red': (64, 52)}","[90, 459]",-2.510513266118464,[-0.34757889 -5.40775842],-0.37671154923848
1742176523.2153702,"{'yellow': (89, 75), 'red': (65, 53)}","[90, 461]",-2.399645385583876,[-0.30196034  5.90366084],0.2555017710008457
1742176523.2798593,"{'yellow': (89, 72), 'red': (65, 51)}","[90, 460]",-2.4227626539681686,[-0.26126602  1.93864813],0.24355690721507872
1742176523.33657,"{'yellow': (89, 73), 'red': (65, 52)}","[90, 460]",-2.4227626539681686,[ 0.         -1.19052938],0.09114759212267823
1742176523.401002,"{'yellow': (89, 72), 'red': (65, 52)}","[90, 460]",-2.44685437739309,[ 0.         -0.35867087],-0.060491537727893153
1742176523.4544628,"{'yellow': (89, 73), 'red': (65, 52)}","[90, 460]",-2.4227626539681686,[ 0.         -0.19294892],0.05434149291611631
1742176523.5192091,"{'yellow': (89, 73), 'red': (65, 52)}","[90, 460]",-2.4227626539681686,[ 0.         -0.11091472],0.08616259621758685
1742176523.5831573,"{'yellow': (90, 72), 'red': (64, 52)}","[90, 460]",-2.485897027348257,[ 0.         -0.07227703],-0.28525469489715316
1742176523.6379037,"{'yellow': (89, 71), 'red': (64, 52)}","[89, 459]",-2.4917222041778455,[-5.89671128 -5.95013797],-0.3659297157114889
1742176523.703033,"{'yellow': (89, 74), 'red': (65, 53)}","[89, 460]",-2.4227626539681686,[-5.48131139 -0.03922766],0.14986445773930737
1742176523.7573187,"{'yellow': (91, 72), 'red': (65, 52)}","[90, 460]",-2.485897027348257,[2.30276092 2.04041294],-0.14519460899388864
1742176523.8231573,"{'yellow': (89, 73), 'red': (65, 52)}","[90, 460]",-2.4227626539681686,[2.9024128  1.03207315],0.12181519008267781
1742176523.8754804,"{'yellow': (89, 73), 'red': (64, 52)}","[89, 460]",-2.44293282886833,[-4.30499081  0.7248896 ],0.121410748047702
1742176523.9379873,"{'yellow': (90, 72), 'red': (65, 52)}","[89, 460]",-2.4668517113662407,[-4.41801318  0.53160932],-0.11026217393201276
1742176524.0014672,"{'yellow': (90, 72), 'red': (65, 52)}","[89, 460]",-2.4668517113662407,[-2.5865356   0.41745766],-0.10670628970994045
1742176524.0551474,"{'yellow': (90, 72), 'red': (65, 52)}","[89, 460]",-2.4668517113662407,[-1.79470245  0.3540018 ],-0.06120231428070104
1742176524.1195853,"{'yellow': (90, 74), 'red': (66, 52)}","[90, 461]",-2.399645385583876,[4.3296406  5.82019086],0.3373870777150959
1742176524.1836143,"{'yellow': (90, 71), 'red': (65, 51)}","[90, 460]",-2.4668517113662407,[4.66914295 0.25956792],-0.029798145477757117
1742176524.2393625,"{'yellow': (89, 72), 'red': (64, 52)}","[89, 460]",-2.4668517113662407,[-2.90717599 -2.26339374],-0.1828459300859853
1742176524.3036087,"{'yellow': (90, 72), 'red': (65, 52)}","[89, 460]",-2.4668517113662407,[-3.52562989 -1.04225576],-0.08609590893969801
1742176524.3572578,"{'yellow': (90, 71), 'red': (65, 52)}","[89, 459]",-2.4917222041778455,[-2.03502829 -6.6731308 ],-0.21498342469688506
1742176524.4236825,"{'yellow': (91, 72), 'red': (66, 53)}","[90, 459]",-2.4917222041778455,[ 4.26513993 -5.9908096 ],-0.17728863883042564
1742176524.4764607,"{'yellow': (89, 73), 'red': (64, 53)}","[89, 460]",-2.4668517113662407,[-0.95656792  1.93988409],0.030113348157511943
1742176524.5435941,"{'yellow': (90, 72), 'red': (66, 52)}","[90, 460]",-2.44685437739309,[2.78461529 2.54079669],0.15631845256058052
1742176524.5968792,"{'yellow': (88, 72), 'red': (64, 52)}","[89, 460]",-2.44685437739309,[-1.68104168  1.44453957],0.14168961273272912
1742176524.6641471,"{'yellow': (90, 73), 'red': (65, 52)}","[89, 460]",-2.44293282886833,[-3.10769573  0.92515629],0.10399442156266353
1742176524.7181609,"{'yellow': (91, 72), 'red': (65, 52)}","[90, 460]",-2.485897027348257,[4.05679971 0.93808173],-0.15438827738064914
1742176524.7846608,"{'yellow': (90, 71), 'red': (64, 52)}","[90, 459]",-2.510513266118464,[ 4.32303417 -4.64338526],-0.2956607649342253
1742176524.8393674,"{'yellow': (89, 72), 'red': (64, 53)}","[89, 459]",-2.4917222041778455,[-3.13359047 -5.20859975],-0.13529018983124574
1742176524.903606,"{'yellow': (90, 72), 'red': (65, 52)}","[89, 459]",-2.4668517113662407,[-3.70341414 -2.99901392],0.0843439487693033
1742176524.9579232,"{'yellow': (90, 72), 'red': (66, 53)}","[90, 459]",-2.4719537079131557,[ 3.55087826 -2.31494702],0.06548018960946377
1742176525.0233362,"{'yellow': (88, 73), 'red': (64, 52)}","[89, 459]",-2.4227626539681686,[-1.49758047 -1.83408418],0.28423917421829026
1742176525.0753012,"{'yellow': (90, 73), 'red': (65, 52)}","[89, 459]",-2.44293282886833,[-3.62750389 -1.34488597],0.1873628648954836
1742176525.1399813,"{'yellow': (91, 73), 'red': (64, 52)}","[89, 459]",-2.4805494847391065,[-1.84534745 -0.91150448],-0.13090700080536927
1742176525.196263,"{'yellow': (90, 73), 'red': (65, 52)}","[89, 459]",-2.44293282886833,[-1.38268519 -0.56643035],0.07042184646550215
1742176525.2593408,"{'yellow': (91, 72), 'red': (65, 52)}","[90, 459]",-2.485897027348257,[ 4.48379736 -0.26389096],-0.10479671628324741
1742176525.3237877,"{'yellow': (88, 71), 'red': (64, 53)}","[89, 459]",-2.498091544796509,[-0.67422886  0.        ],-0.21805547265676167
1742176525.3794985,"{'yellow': (89, 73), 'red': (66, 52)}","[89, 459]",-2.401617769613922,[-2.59230108  0.        ],0.3829696092272326
1742176525.4416842,"{'yellow': (91, 72), 'red': (65, 53)}","[90, 459]",-2.510513266118464,[4.19882821 0.        ],-0.19263280135899807
1742176525.4966357,"{'yellow': (89, 72), 'red': (64, 52)}","[89, 459]",-2.4668517113662407,[-0.98698894  0.        ],-0.12913377290157163
1742176525.5621195,"{'yellow': (90, 73), 'red': (65, 52)}","[89, 459]",-2.44293282886833,[-2.43347455  0.        ],0.15394245927927852
1742176525.627869,"{'yellow': (90, 72), 'red': (65, 52)}","[89, 459]",-2.4668517113662407,[-1.38046067  0.        ],0.011296616078222
1742176525.678834,"{'yellow': (90, 72), 'red': (64, 52)}","[89, 459]",-2.485897027348257,[-1.04285863  0.        ],-0.1608044937023264
1742176525.746005,"{'yellow': (90, 71), 'red': (64, 53)}","[89, 459]",-2.5360479899848234,[-0.80002096  0.        ],-0.39391832851439934
1742176525.7968287,"{'yellow': (90, 72), 'red': (64, 52)}","[89, 459]",-2.485897027348257,[-0.68051567  0.        ],-0.07733969751956746
1742176525.8646863,"{'yellow': (91, 72), 'red': (64, 53)}","[89, 459]",-2.5283853047152838,[-0.34050999  0.        ],-0.1936762074742274
1742176525.9181774,"{'yellow': (90, 71), 'red': (65, 52)}","[89, 458]",-2.4917222041778455,[-0.29723395 -5.96753432],-0.03259680281476142
1742176525.9857557,"{'yellow': (90, 74), 'red': (64, 54)}","[89, 460]",-2.485897027348257,[-0.2560834   5.37667728],0.08990544386361388
1742176526.040282,"{'yellow': (90, 72), 'red': (64, 51)}","[89, 459]",-2.462178848181945,[0.         2.27664249],0.19679466269376372
1742176526.1077049,"{'yellow': (91, 73), 'red': (65, 52)}","[90, 459]",-2.462178848181945,[ 5.3641068 -0.8395057],0.16473308675596426
1742176526.161433,"{'yellow': (89, 72), 'red': (64, 53)}","[89, 459]",-2.4917222041778455,[ 0.         -0.32346752],-0.05132383337828936
1742176526.223313,"{'yellow': (90, 72), 'red': (65, 52)}","[89, 459]",-2.4668517113662407,[-2.02266923 -0.15829316],0.06880056532736091
1742176526.2862096,"{'yellow': (91, 72), 'red': (65, 52)}","[90, 459]",-2.485897027348257,[ 4.46223812 -0.09234765],0.0009116263642995649
1742176526.3371174,"{'yellow': (88, 72), 'red': (64, 52)}","[89, 459]",-2.44685437739309,[-0.70900222 -0.06563449],0.1846044417133016
1742176526.4000857,"{'yellow': (91, 72), 'red': (65, 52)}","[90, 459]",-2.485897027348257,[ 3.13326171 -0.04584941],-0.026537268121938264
1742176526.4619188,"{'yellow': (89, 73), 'red': (64, 52)}","[89, 459]",-2.44293282886833,[-1.41329576 -0.03406469],0.13355068145972518
1742176526.5227242,"{'yellow': (90, 72), 'red': (65, 52)}","[89, 459]",-2.4668517113662407,[-3.07475408 -0.25879749],0.04385623610561123
1742176526.585153,"{'yellow': (90, 73), 'red': (65, 52)}","[89, 459]",-2.44293282886833,[-1.82280564  0.        ],0.10590616616803414
1742176526.6472743,"{'yellow': (90, 72), 'red': (65, 53)}","[89, 459]",-2.4917222041778455,[-1.33367874  0.        ],-0.14336014052699284
1742176526.6997674,"{'yellow': (91, 72), 'red': (65, 52)}","[90, 459]",-2.485897027348257,[5.14936231 0.        ],-0.17373999261861758
1742176526.762801,"{'yellow': (88, 72), 'red': (64, 52)}","[89, 459]",-2.44685437739309,[-0.70881164  0.        ],0.12959032633581735
1742176526.825625,"{'yellow': (91, 71), 'red': (64, 52)}","[89, 458]",-2.5283853047152838,[-2.58936417 -5.50744569],-0.2973835231704348
1742176526.887425,"{'yellow': (90, 72), 'red': (65, 53)}","[89, 458]",-2.4917222041778455,[-1.29677589 -5.51701501],-0.16216428994327925
1742176526.9386396,"{'yellow': (90, 73), 'red': (64, 53)}","[89, 459]",-2.485897027348257,[-0.97168464  2.42629324],0.025046231888321696
1742176527.0005322,"{'yellow': (91, 71), 'red': (65, 52)}","[90, 458]",-2.510513266118464,[ 5.13096781 -2.56177651],-0.13842247884955172
1742176527.0664668,"{'yellow': (89, 73), 'red': (64, 53)}","[89, 459]",-2.4668517113662407,[-0.41158106  1.67790152],0.10276537573817665
1742176527.1184042,"{'yellow': (90, 73), 'red': (65, 52)}","[89, 459]",-2.44293282886833,[-2.75763443  3.64354671],0.32008710889771974
1742176527.1793163,"{'yellow': (88, 72), 'red': (65, 52)}","[88, 459]",-2.425849063920913,[-7.13597525  2.05639533],0.34104196758046285
1742176527.2429447,"{'yellow': (91, 71), 'red': (65, 52)}","[89, 458]",-2.510513266118464,[-0.98220447 -4.17365381],-0.22398183742582214
1742176527.3079114,"{'yellow': (90, 73), 'red': (64, 53)}","[89, 459]",-2.485897027348257,[1.37603984 1.16149182],-0.15174005263219606
1742176527.3610463,"{'yellow': (91, 71), 'red': (64, 51)}","[89, 458]",-2.5040438554511004,[ 0.62321926 -2.61524824],-0.12954893472743742
1742176527.422314,"{'yellow': (90, 74), 'red': (64, 53)}","[89, 459]",-2.462178848181945,[0.33451105 1.68371988],0.09753080265755736
1742176527.485263,"{'yellow': (91, 73), 'red': (64, 52)}","[89, 459]",-2.4805494847391065,[0.21125502 2.98101724],0.03523373056156527
1742176527.5409327,"{'yellow': (89, 72), 'red': (65, 52)}","[89, 459]",-2.44685437739309,[0.15239535 1.85517348],0.1687162719685706
1742176527.609171,"{'yellow': (90, 72), 'red': (64, 51)}","[89, 458]",-2.462178848181945,[ 0.3386578  -4.21140693],0.07648181482430144
1742176527.662589,"{'yellow': (90, 73), 'red': (65, 53)}","[89, 459]",-2.4668517113662407,[0.29654081 0.87387573],-0.012578547582172313
1742176527.724624,"{'yellow': (90, 73), 'red': (64, 52)}","[89, 459]",-2.462178848181945,[0.2579524 2.6942728],0.02635396322573546
1742176527.7934299,"{'yellow': (90, 72), 'red': (64, 52)}","[89, 459]",-2.485897027348257,[0.         1.56770844],-0.08599692764965033
1742176527.8486981,"{'yellow': (89, 71), 'red': (64, 52)}","[88, 458]",-2.4917222041778455,[-5.78053494 -4.80857224],-0.14811119810196688
1742176527.9106917,"{'yellow': (91, 73), 'red': (66, 53)}","[89, 459]",-2.4668517113662407,[0.         0.76283661],0.035273288652596005
1742176527.9662423,"{'yellow': (90, 73), 'red': (64, 52)}","[89, 459]",-2.462178848181945,[2.25025967 2.66325819],0.09405692485845375
1742176528.031026,"{'yellow': (90, 73), 'red': (65, 51)}","[89, 459]",-2.419937802725032,[1.03027421 1.36954036],0.28700263284502536
1742176528.0861537,"{'yellow': (90, 71), 'red': (64, 52)}","[89, 458]",-2.510513266118464,[ 0.71240977 -4.91323416],-0.2502404549523235
1742176528.1519516,"{'yellow': (91, 72), 'red': (63, 53)}","[89, 458]",-2.5453935122923133,[ 0.51823911 -4.67073746],-0.5038254745652315
1742176528.207023,"{'yellow': (91, 72), 'red': (64, 52)}","[89, 458]",-2.5040438554511004,[ 0.42182705 -3.17765408],-0.15534167306776783
1742176528.2729895,"{'yellow': (90, 72), 'red': (64, 52)}","[89, 458]",-2.485897027348257,[ 0.34502687 -2.14969585],0.06980614832943345
1742176528.329286,"{'yellow': (90, 72), 'red': (64, 53)}","[89, 458]",-2.510513266118464,[ 0.2986227  -1.53878326],-0.07263539556987779
1742176528.385361,"{'yellow': (89, 73), 'red': (65, 52)}","[89, 458]",-2.4227626539681686,[ 0.26334419 -1.06979382],0.4081620283774162
1742176528.4413698,"{'yellow': (90, 72), 'red': (64, 53)}","[89, 458]",-2.510513266118464,[ 0.         -0.91926583],-0.07160676902634822
1742176528.5066748,"{'yellow': (90, 71), 'red': (64, 53)}","[89, 458]",-2.5360479899848234,[ 0.         -0.56059952],-0.3562537278100048
1742176528.5719378,"{'yellow': (90, 70), 'red': (64, 52)}","[89, 457]",-2.5360479899848234,[ 0.         -5.58783129],-0.24646086294005543
1742176528.6278486,"{'yellow': (91, 73), 'red': (64, 53)}","[89, 458]",-2.5040438554511004,[0. 0.],0.03348273145525961
1742176528.6820917,"{'yellow': (90, 72), 'red': (64, 52)}","[89, 458]",-2.485897027348257,[0.         2.26528117],0.18618210169958815
1742176528.7463002,"{'yellow': (89, 72), 'red': (64, 52)}","[88, 458]",-2.4668517113662407,[-5.56554872  1.05200976],0.23050164104626455
1742176528.8091335,"{'yellow': (91, 70), 'red': (65, 52)}","[89, 457]",-2.5360479899848234,[ 0.         -4.82739773],-0.20171633687710394
1742176528.8663118,"{'yellow': (90, 73), 'red': (65, 54)}","[89, 458]",-2.4917222041778455,[2.18196952 0.52408466],-0.018773866566966037
1742176528.9301424,"{'yellow': (90, 73), 'red': (64, 52)}","[89, 458]",-2.462178848181945,[1.03360119 2.37759338],0.24776877744073394
1742176528.9822736,"{'yellow': (90, 71), 'red': (64, 52)}","[89, 457]",-2.510513266118464,[ 0.72193902 -4.63156912],-0.04794206002069535
1742176529.0472512,"{'yellow': (90, 73), 'red': (63, 53)}","[88, 458]",-2.5040438554511004,[-4.99734648  0.98887266],-0.08054479153743221
1742176529.102575,"{'yellow': (90, 72), 'red': (65, 52)}","[88, 458]",-2.4668517113662407,[-5.46963193  3.05657693],0.18463511681000325
1742176529.1706593,"{'yellow': (89, 72), 'red': (65, 52)}","[88, 458]",-2.44685437739309,[-3.15964112  1.42501322],0.27283828922248293
1742176529.2255316,"{'yellow': (90, 73), 'red': (64, 52)}","[88, 458]",-2.462178848181945,[-2.24724081  1.04941798],0.13287308006599832
1742176529.2881095,"{'yellow': (91, 72), 'red': (65, 52)}","[89, 458]",-2.485897027348257,[3.997537  0.8156309],-0.07106452551876012
1742176529.350595,"{'yellow': (90, 72), 'red': (64, 52)}","[89, 458]",-2.485897027348257,[4.20114484 0.67048334],-0.07384308591448271
1742176529.4034991,"{'yellow': (89, 74), 'red': (64, 52)}","[88, 459]",-2.419937802725032,[-3.27232422  6.36129471],0.34376665023773867
1742176529.470074,"{'yellow': (90, 71), 'red': (65, 51)}","[88, 458]",-2.4668517113662407,[-3.47716367  0.29573957],0.06664049860013369
1742176529.5247073,"{'yellow': (91, 71), 'red': (65, 52)}","[89, 457]",-2.510513266118464,[ 3.97909581 -8.12681365],-0.328584172050559
1742176529.5900247,"{'yellow': (90, 74), 'red': (64, 53)}","[89, 458]",-2.462178848181945,[ 4.21041393 -1.04179185],-0.00017939626733654533
1742176529.6533318,"{'yellow': (88, 72), 'red': (63, 52)}","[87, 458]",-2.4668517113662407,[-8.31077014  1.29350397],0.06420874408964522
1742176529.7091,"{'yellow': (93, 71), 'red': (65, 52)}","[89, 457]",-2.5453935122923133,[ 1.74895452 -5.26929479],-0.4365303477981628
1742176529.7642183,"{'yellow': (89, 74), 'red': (64, 53)}","[88, 458]",-2.44293282886833,[-0.2244058   0.29276352],0.16001558119637818
1742176529.828602,"{'yellow': (91, 71), 'red': (64, 52)}","[88, 457]",-2.5283853047152838,[-2.68703069 -3.42050903],-0.17448947564797151
1742176529.88347,"{'yellow': (90, 73), 'red': (65, 53)}","[88, 458]",-2.4668517113662407,[-1.56040056  1.1714246 ],0.03465553707699548
1742176529.9497616,"{'yellow': (90, 71), 'red': (65, 52)}","[88, 457]",-2.4917222041778455,[-0.92137639 -2.77973625],0.009795591719307654
1742176530.0024548,"{'yellow': (91, 72), 'red': (64, 53)}","[88, 457]",-2.5283853047152838,[-0.75706235 -4.10563081],-0.2679186567224755
1742176530.0698173,"{'yellow': (91, 72), 'red': (64, 53)}","[88, 457]",-2.5283853047152838,[-0.62143317 -2.19771038],-0.21472193864684774
1742176530.1261556,"{'yellow': (90, 74), 'red': (65, 53)}","[88, 458]",-2.44293282886833,[-0.3104955   4.17412229],0.3543520848223366
1742176530.1907525,"{'yellow': (90, 73), 'red': (64, 52)}","[88, 458]",-2.462178848181945,[-0.0336585   4.36804481],0.26658230358561014
1742176530.2435405,"{'yellow': (90, 72), 'red': (64, 52)}","[88, 458]",-2.485897027348257,[-0.26052846  2.90376026],-0.011350916372983775
1742176530.3089547,"{'yellow': (91, 72), 'red': (64, 52)}","[88, 458]",-2.5040438554511004,[0.         1.90119157],-0.14032704229997492
1742176530.3642054,"{'yellow': (91, 71), 'red': (65, 52)}","[89, 457]",-2.510513266118464,[ 5.91867531 -4.36248985],-0.15347609268308268
1742176530.427702,"{'yellow': (89, 73), 'red': (63, 53)}","[88, 458]",-2.485897027348257,[0.         1.05838373],0.026184370258449104
1742176530.4904203,"{'yellow': (91, 72), 'red': (64, 52)}","[88, 458]",-2.5040438554511004,[-1.96271395  2.85764537],-0.033881043527163326
1742176530.5443952,"{'yellow': (89, 73), 'red': (64, 52)}","[87, 458]",-2.44293282886833,[-7.02922722  1.62931659],0.2938658711146829
1742176530.6075811,"{'yellow': (93, 72), 'red': (65, 52)}","[89, 458]",-2.5213431676069717,[4.8600655  0.95016053],-0.144827830634926
1742176530.6728778,"{'yellow': (90, 72), 'red': (64, 51)}","[89, 457]",-2.462178848181945,[ 6.77169879 -4.86037348],0.06460774402894756
1742176530.728035,"{'yellow': (89, 73), 'red': (63, 53)}","[88, 458]",-2.485897027348257,[-1.65018093  0.41504093],0.058619577087690146
1742176530.791616,"{'yellow': (91, 71), 'red': (64, 52)}","[88, 457]",-2.5283853047152838,[-2.67881068 -3.20242007],-0.2494839286324843
1742176530.8466733,"{'yellow': (89, 73), 'red': (64, 53)}","[87, 458]",-2.4668517113662407,[-7.50851993  1.36037211],0.1107838260140066
1742176530.9089472,"{'yellow': (91, 71), 'red': (65, 52)}","[88, 457]",-2.510513266118464,[-1.06981889 -2.66509213],-0.056118373915881065
1742176530.9639144,"{'yellow': (89, 73), 'red': (63, 53)}","[87, 458]",-2.485897027348257,[-4.28455095  1.59778312],-0.005080454662115562
1742176531.0285094,"{'yellow': (91, 72), 'red': (65, 51)}","[88, 457]",-2.462178848181945,[ 0.56688121 -2.47177782],0.1806957599251856
