1737233518.5028863,0.75,0.0,1.0,502,311,485,273
1737233518.5694084,0.75,0.0,1.0,503,314,486,274
1737233518.6265204,0.75,0.0,1.0,502,314,486,275
1737233518.6831923,0.75,0.0,1.0,501,315,485,276
1737233518.7431767,0.75,0.0,1.0,500,315,483,277
1737233518.8032694,0.75,0.0,1.0,498,316,481,278
1737233518.8628008,0.75,0.0,1.0,497,317,480,279
1737233518.922802,0.75,0.0,1.0,495,318,479,280
1737233518.9830043,0.75,0.0,1.0,495,320,479,282
1737233519.0430095,0.75,0.0,1.0,494,322,479,283
1737233519.103581,0.75,0.0,1.0,495,324,479,284
1737233519.1630526,0.75,0.0,1.0,495,326,481,286
1737233519.2351475,0.75,0.0,1.0,495,328,483,287
1737233519.293746,0.75,0.0,1.0,495,330,484,289
1737233519.3532805,0.75,0.0,1.0,496,332,485,291
1737233519.4117908,0.75,0.0,1.0,497,332,485,292
1737233519.4694283,0.75,0.0,1.0,493,334,484,293
1737233519.5285108,0.75,0.0,1.0,493,334,483,294
1737233519.5870364,0.75,0.0,1.0,491,335,481,295
1737233519.6450326,0.75,0.0,1.0,489,336,479,295
1737233519.704138,0.75,0.0,1.0,487,337,478,296
1737233519.7646563,0.75,0.0,1.0,485,338,477,297
1737233519.8236575,0.75,0.0,1.0,485,339,477,298
1737233519.8961797,0.75,0.0,1.0,484,341,476,300
1737233519.947182,0.75,0.0,1.0,483,343,476,301
1737233520.0051317,0.75,0.0,1.0,484,344,478,302
1737233520.0652845,0.75,0.0,1.0,484,346,479,304
1737233520.125289,0.75,0.0,1.0,484,348,480,306
1737233520.1843445,0.75,0.0,1.0,483,349,480,308
1737233520.2443945,0.75,0.0,1.0,482,350,480,308
1737233520.3043938,0.75,0.0,1.0,481,351,479,310
1737233520.3739054,0.75,0.0,1.0,479,352,477,310
1737233520.431905,0.75,0.0,1.0,476,353,475,311
1737233520.488433,0.75,0.0,1.0,474,353,473,311
1737233520.548438,0.75,0.0,1.0,472,353,472,312
1737233520.6056092,0.75,0.0,1.0,471,355,470,313
1737233520.6651332,0.75,0.0,1.0,470,356,470,314
1737233520.72526,0.75,0.0,1.0,468,357,469,315
1737233520.7857249,0.75,0.0,1.0,468,359,470,317
1737233520.8457265,0.75,0.0,1.0,468,361,471,318
1737233520.9057446,0.75,0.0,1.0,468,362,472,320
1737233520.9662871,0.75,0.0,1.0,468,363,472,322
1737233521.034964,0.75,0.0,1.0,467,364,472,323
1737233521.09409,0.75,0.0,1.0,465,365,471,324
1737233521.1530917,0.75,0.0,1.0,463,366,469,325
1737233521.2101476,0.75,0.0,1.0,462,366,468,325
1737233521.267724,0.75,0.0,1.0,459,367,465,325
1737233521.326659,0.75,0.0,1.0,457,367,463,325
1737233521.3941662,0.75,0.0,1.0,454,367,461,326
1737233521.4531677,0.75,0.0,1.0,452,368,459,328
1737233521.5122015,0.75,0.0,1.0,451,369,458,329
1737233521.5707233,0.75,0.0,1.0,450,370,458,329
1737233521.6297185,0.75,0.0,1.0,450,372,459,331
1737233521.6866276,0.75,0.0,1.0,450,373,459,333
1737233521.7466278,0.75,0.0,1.0,449,375,460,334
1737233521.8067002,0.75,0.0,1.0,449,375,460,335
1737233521.8667126,0.75,0.0,1.0,449,376,460,336
1737233521.9377127,0.75,0.0,1.0,446,377,458,337
1737233521.9962742,0.75,0.0,1.0,444,377,457,337
1737233522.0542703,0.75,0.0,1.0,441,377,454,337
1737233522.1117764,0.75,0.0,1.0,439,377,451,337
1737233522.1703038,0.75,0.0,1.0,436,377,449,337
1737233522.2292986,0.75,0.0,1.0,434,377,447,338
1737233522.2888033,0.75,0.0,1.0,432,377,445,339
1737233522.3478043,0.75,0.0,1.0,430,377,444,340
1737233522.417058,0.75,0.0,1.0,430,379,443,341
1737233522.4771154,0.75,0.0,1.0,429,380,444,342
1737233522.537111,0.75,0.0,1.0,428,381,445,344
1737233522.5951486,0.75,0.0,1.0,427,382,445,345
1737233522.6531603,0.75,0.0,1.0,426,383,445,347
1737233522.7082052,0.75,0.0,1.0,425,383,444,347
1737233522.7687712,0.75,0.0,1.0,423,383,443,348
1737233522.827776,0.75,0.0,1.0,422,383,441,348
1737233522.8952944,0.75,0.0,1.0,419,383,438,347
1737233522.9542952,0.75,0.0,1.0,416,382,435,346
1737233523.0130277,0.75,0.0,1.0,413,382,432,346
1737233523.071531,0.75,0.0,1.0,411,381,430,346
1737233523.1295326,0.75,0.0,1.0,409,381,428,346
1737233523.1956015,0.75,0.0,1.0,407,382,427,347
1737233523.2516088,0.75,0.0,1.0,406,382,426,348
1737233523.309128,0.75,0.0,1.0,405,384,427,350
1737233523.3776293,0.75,0.0,1.0,405,385,427,352
1737233523.4366283,0.75,0.0,1.0,403,386,427,353
1737233523.4966702,0.75,0.0,1.0,402,386,427,354
1737233523.556675,0.75,0.0,1.0,401,386,426,354
1737233523.6156871,0.75,0.0,1.0,400,386,425,354
1737233523.674709,0.75,0.0,1.0,397,385,423,354
1737233523.734711,0.75,0.0,1.0,395,384,419,353
1737233523.7918165,0.75,0.0,1.0,392,384,416,351
1737233523.8509235,0.75,0.0,1.0,390,383,413,351
1737233523.9184785,0.75,0.0,1.0,388,382,411,351
1737233523.9776266,0.75,0.0,1.0,386,382,410,351
1737233524.0366259,0.75,0.0,1.0,383,382,409,351
1737233524.0961568,0.75,0.0,1.0,382,383,407,352
1737233524.155153,0.75,0.0,1.0,381,383,408,354
1737233524.215175,0.75,0.0,1.0,380,384,411,354
1737233524.2741897,0.75,0.0,1.0,378,384,408,357
1737233524.3312654,0.75,0.0,1.0,377,385,409,356
1737233524.389275,0.75,0.0,1.0,376,385,408,356
1737233524.4503627,0.75,0.0,1.0,375,384,406,356
1737233524.5196638,0.75,0.0,1.0,372,383,402,356
1737233524.578783,0.75,0.0,1.0,370,381,402,353
1737233524.6387806,0.75,0.0,1.0,367,381,396,353
1737233524.696814,0.75,0.0,1.0,364,379,394,352
1737233524.7568278,0.75,0.0,1.0,363,378,392,351
1737233524.8159091,0.75,0.0,1.0,361,378,390,351
1737233524.8749783,0.75,0.0,1.0,359,378,389,352
1737233524.9339752,0.75,0.0,1.0,357,378,388,352
1737233524.9925854,0.75,0.0,1.0,357,378,388,354
1737233525.05159,0.75,0.0,1.0,356,379,391,354
1737233525.1112,0.75,0.0,1.0,354,378,389,356
1737233525.1715436,0.75,0.0,1.0,353,378,389,356
1737233525.231534,0.75,0.0,1.0,352,378,388,355
1737233525.2916062,0.75,0.0,1.0,350,377,384,356
1737233525.351616,0.75,0.0,1.0,348,376,382,354
1737233525.420736,0.75,0.0,1.0,346,374,380,352
1737233525.4798024,0.75,0.0,1.0,343,373,376,351
1737233525.5387988,0.75,0.0,1.0,341,371,374,349
1737233525.5968883,0.75,0.0,1.0,339,370,373,348
1737233525.655875,0.75,0.0,1.0,338,369,372,348
1737233525.7139206,0.75,0.0,1.0,336,369,371,348
1737233525.7720883,0.75,0.0,1.0,335,369,370,349
1737233525.8320918,0.75,0.0,1.0,334,368,370,350
1737233525.8923945,0.75,0.0,1.0,333,368,370,352
1737233525.9513466,0.75,0.0,1.0,332,368,371,352
1737233526.0130277,0.75,0.0,1.0,330,367,370,352
1737233526.0725458,0.75,0.0,1.0,329,368,369,351
1737233526.1345403,0.75,0.0,1.0,328,366,365,351
1737233526.1940532,0.75,0.0,1.0,326,365,366,349
1737233526.2540596,0.75,0.0,1.0,324,363,361,347
1737233526.3125806,0.75,0.0,1.0,321,361,359,345
1737233526.3796892,0.75,0.0,1.0,319,360,356,343
1737233526.434992,0.75,0.0,1.0,318,358,355,342
1737233526.4925127,0.75,0.0,1.0,316,357,354,341
1737233526.5536256,0.75,0.0,1.0,315,356,353,341
1737233526.612799,0.75,0.0,1.0,314,355,352,342
1737233526.6728847,0.75,0.0,1.0,313,355,352,343
1737233526.733881,0.75,0.0,1.0,313,355,351,344
1737233526.7929547,0.75,0.0,1.0,312,354,352,344
1737233526.8636074,0.75,0.0,1.0,311,353,350,344
1737233526.9232247,0.75,0.0,1.0,309,352,351,343
1737233526.9821532,0.75,0.0,1.0,307,350,350,343
1737233527.042154,0.75,0.0,1.0,306,349,346,341
1737233527.099264,0.75,0.0,1.0,303,347,344,338
1737233527.1572676,0.75,0.0,1.0,301,345,342,335
1737233527.2156456,0.75,0.0,1.0,299,343,339,334
1737233527.2751489,0.75,0.0,1.0,298,341,340,333
1737233527.3438098,0.75,0.0,1.0,297,341,338,332
1737233527.403145,0.75,0.0,1.0,296,340,336,332
1737233527.4621334,0.75,0.0,1.0,295,339,337,333
1737233527.5207007,0.75,0.0,1.0,295,337,339,333
1737233527.5791473,0.75,0.0,1.0,295,336,334,332
1737233527.6372116,0.75,0.0,1.0,294,335,334,332
1737233527.6964486,0.75,0.0,1.0,293,331,334,332
1737233527.7554443,0.75,0.0,1.0,292,331,333,331
1737233527.8244753,0.75,0.0,1.0,290,330,333,331
1737233527.8740454,0.75,0.0,1.0,288,329,333,330
1737233527.933987,0.75,0.0,1.0,286,327,329,326
1737233528.0021603,0.75,0.0,1.0,285,326,328,324
1737233528.06116,0.75,0.0,1.0,283,324,327,322
1737233528.1206732,0.75,0.0,1.0,283,323,325,321
1737233528.1799588,0.75,0.0,1.0,282,321,324,321
1737233528.2399542,0.75,0.0,1.0,281,319,324,320
1737233528.3000376,0.75,0.0,1.0,281,318,323,320
1737233528.360052,0.75,0.0,1.0,281,316,323,321
1737233528.4191332,0.75,0.0,1.0,280,314,323,320
1737233528.478219,0.75,0.0,1.0,280,312,321,319
1737233528.538215,0.75,0.0,1.0,278,311,320,319
1737233528.5964186,0.75,0.0,1.0,278,310,320,319
1737233528.6564262,0.75,0.0,1.0,277,308,320,318
1737233528.7159388,0.75,0.0,1.0,276,306,319,315
1737233528.7764566,0.75,0.0,1.0,274,304,318,312
1737233528.8364632,0.75,0.0,1.0,273,302,315,310
1737233528.8965232,0.75,0.0,1.0,272,300,315,308
1737233528.9555364,0.75,0.0,1.0,271,298,315,307
1737233529.016262,0.75,0.0,1.0,271,297,314,306
1737233529.0757859,0.75,0.0,1.0,272,295,315,306
1737233529.1357863,0.75,0.0,1.0,272,294,314,306
1737233529.2041628,0.75,0.0,1.0,272,293,312,306
1737233529.2631705,0.75,0.0,1.0,271,291,311,305
1737233529.3215513,0.75,0.0,1.0,271,286,311,302
1737233529.3807752,0.75,0.0,1.0,270,283,310,303
1737233529.4377804,0.75,0.0,1.0,270,284,309,303
1737233529.496833,0.75,0.0,1.0,269,283,309,302
1737233529.557846,0.75,0.0,1.0,268,281,309,299
1737233529.6173637,0.75,0.0,1.0,267,279,309,297
1737233529.6770718,0.75,0.0,1.0,266,277,308,294
1737233529.7370641,0.75,0.0,1.0,265,274,308,293
1737233529.7971103,0.75,0.0,1.0,265,272,307,291
1737233529.8572116,0.75,0.0,1.0,266,271,307,290
1737233529.924873,0.75,0.0,1.0,266,270,306,289
1737233529.9840436,0.75,0.0,1.0,267,267,307,289
1737233530.043047,0.75,0.0,1.0,268,262,305,288
1737233530.101557,0.75,0.0,1.0,268,261,303,288
1737233530.158571,0.75,0.0,1.0,268,260,302,286
1737233530.217768,0.75,0.0,1.0,268,258,301,285
1737233530.2788064,0.75,0.0,1.0,267,256,301,285
1737233530.3388011,0.75,0.0,1.0,266,253,303,283
1737233530.3983068,0.75,0.0,1.0,265,254,303,281
1737233530.4583163,0.75,0.0,1.0,264,252,303,278
1737233530.5268497,0.75,0.0,1.0,263,251,302,276
1737233530.58537,0.75,0.0,1.0,263,249,302,273
1737233530.6449373,0.75,0.0,1.0,264,246,302,272
1737233530.704081,0.75,0.0,1.0,265,244,302,270
1737233530.764093,0.75,0.0,1.0,266,242,300,270
1737233530.8222237,0.75,0.0,1.0,268,238,298,270
1737233530.8827438,0.75,0.0,1.0,267,238,298,267
1737233530.9417422,0.75,0.0,1.0,268,236,296,266
1737233531.0015204,0.75,0.0,1.0,268,234,296,264
1737233531.0616305,0.75,0.0,1.0,269,231,296,264
1737233531.1201508,0.75,0.0,1.0,269,229,297,262
1737233531.1788127,0.75,0.0,1.0,268,226,297,260
1737233531.2488658,0.75,0.0,1.0,271,225,298,259
1737233531.3089423,0.75,0.0,1.0,278,222,299,257
1737233531.3669453,0.75,0.0,1.0,279,219,299,255
1737233531.4239957,0.75,0.0,1.0,280,218,299,253
1737233531.4841034,0.75,0.0,1.0,282,216,299,251
1737233531.5421042,0.75,0.0,1.0,282,215,298,250
1737233531.603204,0.75,0.0,1.0,283,214,297,249
1737233531.66021,0.75,0.0,1.0,282,213,296,249
1737233531.7202337,0.75,0.0,1.0,283,211,296,249
1737233531.7797961,0.75,0.0,1.0,283,209,295,248
1737233531.8398666,0.75,0.0,1.0,283,208,295,246
1737233531.9093897,0.75,0.0,1.0,283,206,295,245
1737233531.9686491,0.75,0.0,1.0,283,205,296,244
1737233532.0276783,0.75,0.0,1.0,284,204,297,241
1737233532.0862017,0.75,0.0,1.0,285,202,298,239
1737233532.1462016,0.75,0.0,1.0,287,200,299,237
1737233532.2057376,0.75,0.0,1.0,287,197,299,236
1737233532.2647452,0.75,0.0,1.0,288,196,300,234
1737233532.3238256,0.75,0.0,1.0,289,195,300,232
1737233532.3805048,0.75,0.0,1.0,291,193,300,231
1737233532.4405026,0.75,0.0,1.0,291,193,299,230
1737233532.5010266,0.75,0.0,1.0,292,191,299,230
1737233532.561033,0.75,0.0,1.0,293,189,298,229
1737233532.6311047,0.75,0.0,1.0,293,188,298,227
1737233532.6891754,0.75,0.0,1.0,293,186,299,226
1737233532.7492373,0.75,0.0,1.0,294,186,298,225
1737233532.8092575,0.75,0.0,1.0,294,185,299,224
1737233532.8692605,0.75,0.0,1.0,295,183,300,222
1737233532.927467,0.75,0.0,1.0,296,180,302,220
1737233532.985775,0.75,0.0,1.0,298,178,303,219
1737233533.041728,0.75,0.0,1.0,299,176,304,217
1737233533.1012487,0.75,0.0,1.0,300,174,304,216
1737233533.1612573,0.75,0.0,1.0,302,174,305,215
1737233533.2223275,0.75,0.0,1.0,303,174,305,213
1737233533.2818453,0.75,0.0,1.0,305,173,305,213
1737233533.341845,0.75,0.0,1.0,306,172,305,212
1737233533.4013686,0.75,0.0,1.0,306,171,305,210
1737233533.4623754,0.75,0.0,1.0,308,170,305,210
1737233533.5224957,0.75,0.0,1.0,308,169,305,208
1737233533.5810194,0.75,0.0,1.0,309,168,306,207
1737233533.6506438,0.75,0.0,1.0,310,167,307,206
1737233533.7102165,0.75,0.0,1.0,311,164,309,204
1737233533.7701616,0.75,0.0,1.0,312,161,310,203
1737233533.8286724,0.75,0.0,1.0,313,158,312,201
1737233533.8871973,0.75,0.0,1.0,315,157,312,200
1737233533.9472857,0.75,0.0,1.0,316,156,314,199
1737233534.0070517,0.75,0.0,1.0,319,155,314,198
1737233534.065062,0.75,0.0,1.0,320,155,315,197
1737233534.1241112,0.75,0.0,1.0,321,155,315,195
1737233534.1826317,0.75,0.0,1.0,322,153,315,195
1737233534.2436275,0.75,0.0,1.0,323,154,315,194
1737233534.3021522,0.75,0.0,1.0,324,151,315,192
1737233534.3631601,0.75,0.0,1.0,321,150,317,191
1737233534.4295654,0.75,0.0,1.0,323,148,317,190
1737233534.4890928,0.75,0.0,1.0,326,146,318,189
1737233534.5460865,0.75,0.0,1.0,324,144,320,188
1737233534.6055944,0.75,0.0,1.0,326,142,322,187
1737233534.6646802,0.75,0.0,1.0,328,142,323,185
1737233534.7251115,0.75,0.0,1.0,328,139,324,184
1737233534.7836347,0.75,0.0,1.0,330,138,326,183
1737233534.8436337,0.75,0.0,1.0,332,138,327,182
1737233534.9121623,0.75,0.0,1.0,335,137,328,180
1737233534.9683049,0.75,0.0,1.0,337,137,328,179
1737233535.026532,0.75,0.0,1.0,339,136,327,177
1737233535.085585,0.75,0.0,1.0,341,136,328,176
1737233535.1445847,0.75,0.0,1.0,343,135,330,175
1737233535.2037363,0.75,0.0,1.0,344,134,330,174
1737233535.2637424,0.75,0.0,1.0,346,132,332,173
1737233535.3238032,0.75,0.0,1.0,346,131,333,172
1737233535.3839145,0.75,0.0,1.0,347,130,335,172
1737233535.4529145,0.75,0.0,1.0,349,129,337,171
1737233535.5110717,0.75,0.0,1.0,350,127,338,170
1737233535.5711718,0.75,0.0,1.0,352,127,339,169
1737233535.630489,0.75,0.0,1.0,355,126,341,168
1737233535.6900187,0.75,0.0,1.0,358,126,342,167
1737233535.7462137,0.75,0.0,1.0,361,126,343,165
1737233535.8056886,0.75,0.0,1.0,364,126,344,163
1737233535.8736982,0.75,0.0,1.0,366,126,344,162
1737233535.933795,0.75,0.0,1.0,367,126,345,161
1737233535.9928854,0.75,0.0,1.0,367,124,346,160
1737233536.0518713,0.75,0.0,1.0,368,124,348,160
1737233536.1089861,0.75,0.0,1.0,369,122,349,159
1737233536.1689847,0.75,0.0,1.0,371,121,350,159
1737233536.2280412,0.75,0.0,1.0,373,122,353,159
1737233536.287062,0.75,0.0,1.0,375,121,354,159
1737233536.347066,0.75,0.0,1.0,377,121,356,159
1737233536.4051085,0.75,0.0,1.0,379,120,358,158
1737233536.4651213,0.75,0.0,1.0,382,121,359,157
1737233536.5342965,0.75,0.0,1.0,385,121,361,156
1737233536.591507,0.75,0.0,1.0,389,122,361,154
1737233536.650063,0.75,0.0,1.0,390,122,362,153
1737233536.7075872,0.75,0.0,1.0,392,121,363,151
1737233536.7665951,0.75,0.0,1.0,393,121,364,151
1737233536.8264256,0.75,0.0,1.0,393,120,366,151
1737233536.8859525,0.75,0.0,1.0,394,119,367,149
1737233536.9459505,0.75,0.0,1.0,395,119,368,149
1737233537.016195,0.75,0.0,1.0,397,119,370,150
1737233537.0751967,0.75,0.0,1.0,400,120,372,151
1737233537.133331,0.75,0.0,1.0,402,120,374,152
1737233537.1918476,0.75,0.0,1.0,405,121,376,152
1737233537.2507954,0.75,0.0,1.0,406,120,378,152
1737233537.3068516,0.75,0.0,1.0,409,121,380,151
1737233537.374866,0.75,0.0,1.0,411,121,381,150
1737233537.4334598,0.75,0.0,1.0,413,121,382,148
1737233537.4929295,0.75,0.0,1.0,416,122,383,147
1737233537.5529296,0.75,0.0,1.0,417,121,384,144
1737233537.6114604,0.75,0.0,1.0,418,121,385,142
1737233537.670464,0.75,0.0,1.0,419,121,387,143
1737233537.730546,0.75,0.0,1.0,421,121,388,143
1737233537.7900782,0.75,0.0,1.0,422,121,389,143
1737233537.8480735,0.75,0.0,1.0,424,122,391,145
1737233537.908591,0.75,0.0,1.0,426,123,393,146
1737233537.967599,0.75,0.0,1.0,429,124,395,147
1737233538.0246654,0.75,0.0,1.0,429,124,397,148
1737233538.091906,0.75,0.0,1.0,429,124,398,148
1737233538.1509051,0.75,0.0,1.0,435,125,400,147
1737233538.2099986,0.75,0.0,1.0,437,125,402,146
1737233538.2699995,0.75,0.0,1.0,439,127,403,144
1737233538.3272023,0.75,0.0,1.0,443,128,405,142
1737233538.3975692,0.75,0.0,1.0,444,127,406,141
1737233538.4565666,0.75,0.0,1.0,445,127,407,141
1737233538.5146484,0.75,0.0,1.0,444,126,408,140
1737233538.574652,0.75,0.0,1.0,446,126,410,141
1737233538.6367042,0.75,0.0,1.0,448,128,411,141
1737233538.694126,0.75,0.0,1.0,450,129,412,143
1737233538.7501323,0.75,0.0,1.0,450,129,414,145
1737233538.806649,0.75,0.0,1.0,450,129,415,146
1737233538.873657,0.75,0.0,1.0,450,129,418,147
1737233538.9277987,0.75,0.0,1.0,450,129,419,147
1737233538.9889703,0.75,0.0,1.0,459,133,421,148
1737233539.0479698,0.75,0.0,1.0,461,134,423,147
1737233539.1180546,0.75,0.0,1.0,464,135,424,145
1737233539.1780562,0.75,0.0,1.0,465,135,426,144
1737233539.2353103,0.75,0.0,1.0,467,135,428,143
1737233539.2923937,0.75,0.0,1.0,467,135,429,142
1737233539.3523881,0.75,0.0,1.0,469,136,430,142
1737233539.4196148,0.75,0.0,1.0,471,137,431,143
1737233539.477618,0.75,0.0,1.0,472,138,432,145
1737233539.534734,0.75,0.0,1.0,472,138,433,146
1737233539.5882149,0.75,0.0,1.0,472,138,434,148
1737233539.654794,0.75,0.0,1.0,472,138,436,150
1737233539.708866,0.75,0.0,1.0,472,138,437,150
1737233539.7668695,0.75,0.0,1.0,472,138,439,151
1737233539.8339903,0.75,0.0,1.0,472,138,441,150
1737233539.893464,0.75,0.0,1.0,483,146,443,151
1737233539.9515514,0.75,0.0,1.0,485,148,445,150
1737233540.0103009,0.75,0.0,1.0,487,148,447,149
1737233540.0713282,0.75,0.0,1.0,489,149,449,148
1737233540.129685,0.75,0.0,1.0,490,149,450,148
1737233540.1972077,0.75,0.0,1.0,490,149,451,148
1737233540.256249,0.75,0.0,1.0,492,151,452,149
1737233540.310524,0.75,0.0,1.0,492,151,452,151
1737233540.3675315,0.75,0.0,1.0,492,151,453,153
1737233540.4356432,0.75,0.0,1.0,492,151,454,154
1737233540.4917228,0.75,0.0,1.0,492,151,456,157
1737233540.5477235,0.75,0.0,1.0,492,151,457,156
1737233540.6130533,0.75,0.0,1.0,492,151,459,158
1737233540.671049,0.75,0.0,1.0,501,160,461,158
1737233540.7311196,0.75,0.0,1.0,503,162,462,157
1737233540.7916708,0.75,0.0,1.0,505,163,465,158
1737233540.8506286,0.75,0.0,1.0,507,164,467,157
1737233540.9191573,0.75,0.0,1.0,508,166,469,157
1737233540.976771,0.75,0.0,1.0,510,167,471,158
1737233541.0352721,0.75,0.0,1.0,511,167,472,158
1737233541.0947998,0.75,0.0,1.0,512,169,472,160
1737233541.1519563,0.75,0.0,1.0,512,171,472,162
1737233541.2183492,0.75,0.0,1.0,512,171,473,164
1737233541.2723913,0.75,0.0,1.0,512,171,473,165
1737233541.3294659,0.75,0.0,1.0,512,171,475,165
1737233541.3965495,0.75,0.0,1.0,512,171,475,166
1737233541.4555533,0.75,0.0,1.0,518,177,477,169
1737233541.5108905,0.75,0.0,1.0,518,177,479,169
1737233541.580014,0.75,0.0,1.0,520,180,480,169
1737233541.6386409,0.75,0.0,1.0,523,183,484,167
1737233541.6953514,0.75,0.0,1.0,524,183,487,168
1737233541.7543051,0.75,0.0,1.0,526,186,488,170
1737233541.8128521,0.75,0.0,1.0,527,187,489,171
1737233541.872892,0.75,0.0,1.0,527,188,490,172
1737233541.9399147,0.75,0.0,1.0,528,189,490,174
1737233541.999125,0.75,0.0,1.0,528,191,490,174
1737233542.0571718,0.75,0.0,1.0,529,192,489,178
1737233542.1162705,0.75,0.0,1.0,529,193,489,181
1737233542.1742244,0.75,0.0,1.0,530,194,490,181
1737233542.233415,0.75,0.0,1.0,531,198,491,182
1737233542.2939422,0.75,0.0,1.0,532,197,492,183
1737233542.352947,0.75,0.0,1.0,533,200,494,182
1737233542.423465,0.75,0.0,1.0,534,201,497,181
1737233542.482475,0.75,0.0,1.0,536,203,499,183
1737233542.5425682,0.75,0.0,1.0,537,206,501,184
1737233542.598728,0.75,0.0,1.0,539,208,503,185
1737233542.6583242,0.75,0.0,1.0,539,210,504,188
1737233542.7179086,0.75,0.0,1.0,540,211,504,189
1737233542.7779124,0.75,0.0,1.0,541,210,504,190
1737233542.836364,0.75,0.0,1.0,539,214,503,191
1737233542.8938754,0.75,0.0,1.0,540,214,503,194
1737233542.9538794,0.75,0.0,1.0,540,217,502,196
1737233543.0140488,0.75,0.0,1.0,540,218,502,197
1737233543.0830543,0.75,0.0,1.0,541,219,503,198
1737233543.1396165,0.75,0.0,1.0,541,222,505,199
1737233543.198125,0.75,0.0,1.0,542,224,506,198
1737233543.255128,0.75,0.0,1.0,543,226,509,200
1737233543.3151867,0.75,0.0,1.0,544,228,511,201
1737233543.3741922,0.75,0.0,1.0,545,229,513,202
1737233543.443701,0.75,0.0,1.0,546,231,514,205
1737233543.5022216,0.75,0.0,1.0,546,233,514,206
1737233543.5603013,0.75,0.0,1.0,547,234,515,207
1737233543.6174858,0.75,0.0,1.0,546,235,514,208
1737233543.6764946,0.75,0.0,1.0,545,236,513,210
1737233543.7375505,0.75,0.0,1.0,545,238,512,212
1737233543.7970774,0.75,0.0,1.0,544,240,511,213
1737233543.8560777,0.75,0.0,1.0,544,241,511,215
1737233543.9156036,0.75,0.0,1.0,544,243,512,216
1737233543.975242,0.75,0.0,1.0,544,245,513,217
1737233544.0357504,0.75,0.0,1.0,546,247,515,217
1737233544.0961776,0.75,0.0,1.0,546,249,517,218
1737233544.1561794,0.75,0.0,1.0,547,251,519,219
1737233544.2157056,0.75,0.0,1.0,548,253,520,221
1737233544.2758017,0.75,0.0,1.0,547,255,521,223
1737233544.3349833,0.75,0.0,1.0,547,257,521,224
1737233544.40207,0.75,0.0,1.0,547,258,520,225
1737233544.4645672,0.75,0.0,1.0,547,258,519,225
1737233544.5213919,0.75,0.0,1.0,546,260,518,228
1737233544.5794737,0.75,0.0,1.0,545,261,517,229
1737233544.63893,0.75,0.0,1.0,544,263,516,231
1737233544.697454,0.75,0.0,1.0,543,264,516,232
1737233544.7564564,0.75,0.0,1.0,543,266,517,233
1737233544.8256063,0.75,0.0,1.0,544,268,517,234
1737233544.8836095,0.75,0.0,1.0,544,271,519,236
1737233544.9428217,0.75,0.0,1.0,544,273,520,237
1737233545.0016522,0.75,0.0,1.0,544,274,522,238
1737233545.062758,0.75,0.0,1.0,544,277,523,240
1737233545.119282,0.75,0.0,1.0,543,278,524,241
1737233545.1782892,0.75,0.0,1.0,543,279,524,242
1737233545.2369163,0.75,0.0,1.0,543,280,523,243
1737233545.3055356,0.75,0.0,1.0,542,281,521,244
1737233545.364636,0.75,0.0,1.0,540,282,520,245
1737233545.423152,0.75,0.0,1.0,539,283,519,247
1737233545.4811559,0.75,0.0,1.0,538,285,518,248
1737233545.540284,0.75,0.0,1.0,537,286,518,249
1737233545.5988069,0.75,0.0,1.0,536,289,518,250
1737233545.6583393,0.75,0.0,1.0,536,290,518,252
1737233545.7254748,0.75,0.0,1.0,537,292,520,253
1737233545.784422,0.75,0.0,1.0,537,294,521,254
1737233545.844933,0.75,0.0,1.0,536,296,522,255
1737233545.900702,0.75,0.0,1.0,536,298,522,257
1737233545.9596975,0.75,0.0,1.0,535,299,522,258
1737233546.0177822,0.75,0.0,1.0,536,300,522,260
1737233546.0778003,0.75,0.0,1.0,534,299,522,260
1737233546.1469488,0.75,0.0,1.0,533,300,520,261
1737233546.2060184,0.75,0.0,1.0,530,301,518,262
1737233546.2670734,0.75,0.0,1.0,529,302,516,263
1737233546.3243165,0.75,0.0,1.0,527,303,515,265
1737233546.3843162,0.75,0.0,1.0,526,305,515,266
1737233546.4443898,0.75,0.0,1.0,526,307,515,267
1737233546.5026388,0.75,0.0,1.0,525,308,515,268
1737233546.5616403,0.75,0.0,1.0,525,310,516,269
1737233546.6208036,0.75,0.0,1.0,526,312,517,270
1737233546.6798074,0.75,0.0,1.0,524,314,518,273
1737233546.7389946,0.75,0.0,1.0,523,316,518,273
1737233546.7985198,0.75,0.0,1.0,524,316,518,274
1737233546.8665907,0.75,0.0,1.0,522,317,517,276
1737233546.9261134,0.75,0.0,1.0,521,317,516,276
1737233546.9867058,0.75,0.0,1.0,519,318,514,277
1737233547.046212,0.75,0.0,1.0,517,318,512,278
1737233547.103269,0.75,0.0,1.0,515,319,510,278
1737233547.1622703,0.75,0.0,1.0,514,320,510,279
1737233547.2203567,0.75,0.0,1.0,512,321,509,280
1737233547.2803674,0.75,0.0,1.0,511,323,509,282
1737233547.3390243,0.75,0.0,1.0,511,324,509,282
1737233547.399448,0.75,0.0,1.0,510,326,509,284
1737233547.4604895,0.75,0.0,1.0,510,328,511,286
1737233547.5284853,0.75,0.0,1.0,510,329,511,287
1737233547.5866039,0.75,0.0,1.0,507,331,511,289
1737233547.6451259,0.75,0.0,1.0,507,331,510,290
1737233547.704649,0.75,0.0,1.0,506,332,509,290
1737233547.763653,0.75,0.0,1.0,505,332,508,290
1737233547.8227022,0.75,0.0,1.0,503,332,505,291
1737233547.8827863,0.75,0.0,1.0,500,332,503,292
1737233547.9408557,0.75,0.0,1.0,498,332,502,291
1737233548.0000367,0.75,0.0,1.0,497,334,500,293
1737233548.061053,0.75,0.0,1.0,495,335,500,294
1737233548.130581,0.75,0.0,1.0,493,336,499,296
1737233548.1875887,0.75,0.0,1.0,493,337,499,296
1737233548.2462173,0.75,0.0,1.0,493,339,500,298
1737233548.3057425,0.75,0.0,1.0,492,341,500,300
1737233548.3668194,0.75,0.0,1.0,491,341,500,301
1737233548.4253166,0.75,0.0,1.0,490,342,499,302
1737233548.4823306,0.75,0.0,1.0,488,343,499,303
1737233548.540468,0.75,0.0,1.0,487,343,498,303
1737233548.6019912,0.75,0.0,1.0,485,343,495,303
1737233548.661579,0.75,0.0,1.0,483,343,493,303
1737233548.7210908,0.75,0.0,1.0,480,343,491,303
1737233548.782105,0.75,0.0,1.0,478,343,488,304
1737233548.8426151,0.75,0.0,1.0,476,343,487,304
1737233548.902145,0.75,0.0,1.0,474,344,487,305
1737233548.9621494,0.75,0.0,1.0,473,345,486,307
1737233549.0300229,0.75,0.0,1.0,473,347,486,307
1737233549.0890298,0.75,0.0,1.0,472,348,486,309
1737233549.1486413,0.75,0.0,1.0,471,349,486,311
1737233549.2061658,0.75,0.0,1.0,470,351,486,313
1737233549.2661655,0.75,0.0,1.0,469,351,486,313
1737233549.3225849,0.75,0.0,1.0,467,351,484,313
1737233549.382606,0.75,0.0,1.0,466,351,482,314
1737233549.4431136,0.75,0.0,1.0,463,351,480,313
1737233549.5026405,0.75,0.0,1.0,461,350,477,313
1737233549.5617409,0.75,0.0,1.0,458,350,475,313
1737233549.6222641,0.75,0.0,1.0,456,350,472,313
1737233549.6819463,0.75,0.0,1.0,454,350,471,314
1737233549.7424166,0.75,0.0,1.0,452,350,470,314
1737233549.8029501,0.75,0.0,1.0,451,352,469,316
1737233549.863048,0.75,0.0,1.0,450,353,469,317
1737233549.9325652,0.75,0.0,1.0,449,354,469,319
1737233549.990643,0.75,0.0,1.0,448,355,470,320
1737233550.0496469,0.75,0.0,1.0,446,356,469,322
1737233550.1081407,0.75,0.0,1.0,445,356,468,322
1737233550.1671398,0.75,0.0,1.0,443,355,466,322
1737233550.2266638,0.75,0.0,1.0,442,356,464,322
1737233550.2856684,0.75,0.0,1.0,439,355,461,321
1737233550.3448377,0.75,0.0,1.0,437,354,458,320
1737233550.4053414,0.75,0.0,1.0,434,354,455,320
1737233550.4733255,0.75,0.0,1.0,432,353,454,320
1737233550.5318496,0.75,0.0,1.0,430,353,452,320
1737233550.5899684,0.75,0.0,1.0,428,353,450,321
1737233550.6504927,0.75,0.0,1.0,427,354,449,322
1737233550.7090104,0.75,0.0,1.0,426,355,450,323
1737233550.768012,0.75,0.0,1.0,425,356,450,325
1737233550.8261502,0.75,0.0,1.0,423,356,450,327
1737233550.8840847,0.75,0.0,1.0,422,357,449,327
1737233550.944141,0.75,0.0,1.0,421,357,448,327
1737233551.0042748,0.75,0.0,1.0,419,356,446,327
1737233551.0632792,0.75,0.0,1.0,417,356,444,326
1737233551.1343522,0.75,0.0,1.0,415,354,442,325
1737233551.1918643,0.75,0.0,1.0,412,354,438,324
1737233551.2518685,0.75,0.0,1.0,409,352,435,323
1737233551.3094676,0.75,0.0,1.0,407,351,434,322
1737233551.3673868,0.75,0.0,1.0,405,351,433,322
1737233551.4264648,0.75,0.0,1.0,403,351,431,323
1737233551.484696,0.75,0.0,1.0,402,351,430,324
1737233551.5459385,0.75,0.0,1.0,401,352,430,325
1737233551.6054533,0.75,0.0,1.0,400,353,430,327
1737233551.6660254,0.75,0.0,1.0,398,353,432,327
1737233551.726106,0.75,0.0,1.0,398,354,429,329
1737233551.7861137,0.75,0.0,1.0,397,354,427,329
1737233551.8462088,0.75,0.0,1.0,395,353,426,328
1737233551.9062848,0.75,0.0,1.0,393,352,424,327
1737233551.9738555,0.75,0.0,1.0,391,350,421,325
1737233552.0313652,0.75,0.0,1.0,387,349,418,324
1737233552.0913684,0.75,0.0,1.0,385,348,415,322
1737233552.150414,0.75,0.0,1.0,382,347,413,321
1737233552.2091324,0.75,0.0,1.0,381,346,412,322
1737233552.26722,0.75,0.0,1.0,379,346,411,322
1737233552.3267415,0.75,0.0,1.0,378,346,410,323
1737233552.38575,0.75,0.0,1.0,377,346,410,325
1737233552.446815,0.75,0.0,1.0,376,346,409,326
1737233552.5073223,0.75,0.0,1.0,374,346,409,327
1737233552.566321,0.75,0.0,1.0,373,346,407,327
1737233552.6358957,0.75,0.0,1.0,372,345,408,326
1737233552.6953769,0.75,0.0,1.0,370,344,407,325
1737233552.7543871,0.75,0.0,1.0,369,343,406,324
1737233552.812895,0.75,0.0,1.0,366,343,400,322
1737233552.8719084,0.75,0.0,1.0,363,340,397,320
1737233552.930997,0.75,0.0,1.0,361,338,395,318
1737233552.9886231,0.75,0.0,1.0,358,338,393,318
1737233553.047137,0.75,0.0,1.0,356,336,391,317
1737233553.1068482,0.75,0.0,1.0,354,336,390,317
1737233553.1770418,0.75,0.0,1.0,353,335,389,318
1737233553.2346287,0.75,0.0,1.0,352,335,389,320
1737233553.2935688,0.75,0.0,1.0,351,335,388,321
1737233553.351089,0.75,0.0,1.0,350,335,387,322
1737233553.4097009,0.75,0.0,1.0,349,333,387,321
1737233553.4687552,0.75,0.0,1.0,348,333,385,320
1737233553.5288029,0.75,0.0,1.0,347,332,384,320
1737233553.5878184,0.75,0.0,1.0,345,331,383,318
1737233553.6478324,0.75,0.0,1.0,343,330,380,315
1737233553.7081127,0.75,0.0,1.0,340,328,378,312
1737233553.7680783,0.75,0.0,1.0,338,326,376,311
1737233553.8361788,0.75,0.0,1.0,337,324,375,310
1737233553.894179,0.75,0.0,1.0,335,324,373,309
1737233553.9517362,0.75,0.0,1.0,333,322,371,310
1737233554.0095854,0.75,0.0,1.0,331,321,370,311
1737233554.068658,0.75,0.0,1.0,330,320,370,312
1737233554.1277177,0.75,0.0,1.0,330,320,369,313
1737233554.1972558,0.75,0.0,1.0,330,319,368,313
1737233554.2545445,0.75,0.0,1.0,329,319,368,312
1737233554.3129942,0.75,0.0,1.0,327,317,369,311
1737233554.3721187,0.75,0.0,1.0,326,316,366,310
1737233554.4311826,0.75,0.0,1.0,324,315,365,308
1737233554.488266,0.75,0.0,1.0,322,313,363,305
1737233554.548288,0.75,0.0,1.0,320,310,360,302
1737233554.6099126,0.75,0.0,1.0,318,308,359,300
1737233554.6694007,0.75,0.0,1.0,317,307,358,300
1737233554.7304466,0.75,0.0,1.0,315,306,356,300
1737233554.7899787,0.75,0.0,1.0,314,305,358,300
1737233554.8486176,0.75,0.0,1.0,312,304,353,300
1737233554.909082,0.75,0.0,1.0,313,302,355,302
1737233554.9786112,0.75,0.0,1.0,312,302,353,302
1737233555.0371401,0.75,0.0,1.0,311,300,353,301
1737233555.096675,0.75,0.0,1.0,310,300,351,301
1737233555.154676,0.75,0.0,1.0,310,298,351,299
1737233555.21296,0.75,0.0,1.0,308,297,349,298
1737233555.2729557,0.75,0.0,1.0,307,295,351,296
1737233555.332269,0.75,0.0,1.0,306,293,349,293
1737233555.391266,0.75,0.0,1.0,304,291,345,290
1737233555.4507928,0.75,0.0,1.0,302,288,343,288
1737233555.511304,0.75,0.0,1.0,301,286,342,288
1737233555.5712996,0.75,0.0,1.0,300,286,341,287
1737233555.6304288,0.75,0.0,1.0,299,285,340,287
1737233555.6915293,0.75,0.0,1.0,299,283,339,287
1737233555.7516563,0.75,0.0,1.0,298,282,340,288
1737233555.8101828,0.75,0.0,1.0,298,281,339,288
1737233555.8712397,0.75,0.0,1.0,297,279,340,287
1737233555.9307125,0.75,0.0,1.0,296,275,338,286
1737233555.992353,0.75,0.0,1.0,296,275,338,285
1737233556.0600636,0.75,0.0,1.0,295,274,337,284
1737233556.1191049,0.75,0.0,1.0,294,272,337,281
1737233556.1771047,0.75,0.0,1.0,292,269,336,278
1737233556.236302,0.75,0.0,1.0,290,267,333,275
1737233556.2963114,0.75,0.0,1.0,289,265,332,273
1737233556.3558266,0.75,0.0,1.0,289,262,330,272
1737233556.4153914,0.75,0.0,1.0,288,261,330,271
1737233556.4753947,0.75,0.0,1.0,288,260,331,272
1737233556.5325553,0.75,0.0,1.0,288,258,331,272
1737233556.5915573,0.75,0.0,1.0,288,258,330,271
1737233556.6526108,0.75,0.0,1.0,288,257,328,272
1737233556.7127392,0.75,0.0,1.0,288,255,328,270
1737233556.7817354,0.75,0.0,1.0,287,253,328,266
1737233556.8398707,0.75,0.0,1.0,286,252,328,264
1737233556.8994105,0.75,0.0,1.0,285,250,328,266
1737233556.95759,0.75,0.0,1.0,284,248,327,264
1737233557.016772,0.75,0.0,1.0,284,244,326,261
1737233557.0738587,0.75,0.0,1.0,283,242,325,258
1737233557.132379,0.75,0.0,1.0,282,239,323,255
1737233557.1923926,0.75,0.0,1.0,282,237,323,255
1737233557.25244,0.75,0.0,1.0,282,235,324,254
1737233557.3125045,0.75,0.0,1.0,282,234,322,254
1737233557.3725042,0.75,0.0,1.0,283,231,322,253
1737233557.4335694,0.75,0.0,1.0,284,229,321,253
1737233557.4935784,0.75,0.0,1.0,286,227,320,251
1737233557.5526428,0.75,0.0,1.0,287,222,321,249
1737233557.620736,0.75,0.0,1.0,287,221,320,246
1737233557.680323,0.75,0.0,1.0,285,223,318,249
1737233557.73785,0.75,0.0,1.0,291,216,318,247
1737233557.7958608,0.75,0.0,1.0,288,213,319,243
1737233557.8539379,0.75,0.0,1.0,286,210,319,241
1737233557.913443,0.75,0.0,1.0,286,206,318,238
1737233557.9731338,0.75,0.0,1.0,286,204,317,236
1737233558.0422804,0.75,0.0,1.0,286,203,317,234
1737233558.0990946,0.75,0.0,1.0,286,201,316,233
1737233558.1571684,0.75,0.0,1.0,285,200,315,233
1737233558.2166288,0.75,0.0,1.0,285,201,314,234
1737233558.2756302,0.75,0.0,1.0,285,200,313,232
1737233558.3341467,0.75,0.0,1.0,285,199,312,232
1737233558.394155,0.75,0.0,1.0,285,198,312,230
1737233558.4542203,0.75,0.0,1.0,285,196,312,229
1737233558.5142348,0.75,0.0,1.0,284,194,312,228
1737233558.574234,0.75,0.0,1.0,283,193,312,226
1737233558.6353042,0.75,0.0,1.0,281,193,313,223
1737233558.694312,0.75,0.0,1.0,281,190,313,221
1737233558.7543786,0.75,0.0,1.0,281,187,313,218
1737233558.8148847,0.75,0.0,1.0,281,185,314,216
1737233558.874884,0.75,0.0,1.0,282,183,313,215
1737233558.9344018,0.75,0.0,1.0,282,181,313,214
1737233558.9949708,0.75,0.0,1.0,286,176,312,213
1737233559.054485,0.75,0.0,1.0,287,176,311,213
1737233559.1231863,0.75,0.0,1.0,287,175,310,212
1737233559.182272,0.75,0.0,1.0,288,174,311,211
1737233559.2417996,0.75,0.0,1.0,288,172,311,210
1737233559.3003156,0.75,0.0,1.0,288,171,311,207
1737233559.3593311,0.75,0.0,1.0,287,169,311,207
1737233559.4178534,0.75,0.0,1.0,288,165,312,204
1737233559.478855,0.75,0.0,1.0,289,162,313,203
1737233559.5373785,0.75,0.0,1.0,287,161,314,200
1737233559.5973918,0.75,0.0,1.0,287,159,314,198
1737233559.6558845,0.75,0.0,1.0,288,157,314,196
1737233559.7161744,0.75,0.0,1.0,290,155,314,195
1737233559.7761743,0.75,0.0,1.0,293,152,314,194
1737233559.845341,0.75,0.0,1.0,294,152,314,193
1737233559.9038699,0.75,0.0,1.0,296,152,313,192
1737233559.9628654,0.75,0.0,1.0,296,152,313,192
1737233560.0202677,0.75,0.0,1.0,296,151,313,190
1737233560.0782676,0.75,0.0,1.0,297,149,313,189
1737233560.1363602,0.75,0.0,1.0,298,147,314,187
1737233560.1963758,0.75,0.0,1.0,298,144,314,186
1737233560.2564478,0.75,0.0,1.0,299,141,315,183
1737233560.3154776,0.75,0.0,1.0,300,138,317,181
1737233560.3764725,0.75,0.0,1.0,300,136,317,179
1737233560.4365375,0.75,0.0,1.0,301,133,318,177
1737233560.4966524,0.75,0.0,1.0,303,131,318,175
1737233560.556815,0.75,0.0,1.0,304,130,318,174
1737233560.6180372,0.75,0.0,1.0,305,130,318,173
1737233560.6769083,0.75,0.0,1.0,308,128,318,172
1737233560.7370553,0.75,0.0,1.0,308,129,318,171
1737233560.7972174,0.75,0.0,1.0,311,128,318,170
1737233560.8583531,0.75,0.0,1.0,311,127,318,169
1737233560.9176366,0.75,0.0,1.0,312,126,319,167
1737233560.9771996,0.75,0.0,1.0,312,124,319,166
1737233561.0372872,0.75,0.0,1.0,314,121,320,164
1737233561.0973005,0.75,0.0,1.0,314,119,322,163
1737233561.1575875,0.75,0.0,1.0,315,117,323,161
1737233561.217654,0.75,0.0,1.0,317,115,324,159
1737233561.278652,0.75,0.0,1.0,318,113,325,157
1737233561.3451886,0.75,0.0,1.0,320,111,326,156
1737233561.4047146,0.75,0.0,1.0,321,110,327,155
1737233561.4637568,0.75,0.0,1.0,324,109,327,154
1737233561.5211535,0.75,0.0,1.0,325,110,327,152
1737233561.579262,0.75,0.0,1.0,327,109,327,151
1737233561.6387963,0.75,0.0,1.0,328,109,327,150
1737233561.6989422,0.75,0.0,1.0,329,108,329,150
1737233561.7674556,0.75,0.0,1.0,330,107,329,148
1737233561.8259876,0.75,0.0,1.0,331,105,330,147
1737233561.8849874,0.75,0.0,1.0,332,103,331,146
1737233561.9430735,0.75,0.0,1.0,334,101,333,145
1737233562.003222,0.75,0.0,1.0,336,99,335,144
1737233562.0622206,0.75,0.0,1.0,337,97,336,142
1737233562.1197116,0.75,0.0,1.0,338,95,337,141
1737233562.1797197,0.75,0.0,1.0,340,94,337,139
1737233562.2397878,0.75,0.0,1.0,343,94,338,138
1737233562.2988062,0.75,0.0,1.0,344,93,339,136
1737233562.358895,0.75,0.0,1.0,346,93,340,135
1737233562.4193652,0.75,0.0,1.0,347,92,339,133
1737233562.4793887,0.75,0.0,1.0,349,92,340,133
1737233562.5479403,0.75,0.0,1.0,350,92,341,132
1737233562.6065621,0.75,0.0,1.0,351,90,342,131
1737233562.665604,0.75,0.0,1.0,352,89,343,130
1737233562.7240756,0.75,0.0,1.0,354,88,344,129
1737233562.7814047,0.75,0.0,1.0,356,87,346,128
1737233562.8409276,0.75,0.0,1.0,358,85,348,127
1737233562.9009302,0.75,0.0,1.0,360,83,350,127
1737233562.9604404,0.75,0.0,1.0,361,82,351,125
1737233563.0295222,0.75,0.0,1.0,364,82,352,124
1737233563.086522,0.75,0.0,1.0,366,81,353,123
1737233563.1450896,0.75,0.0,1.0,368,81,354,121
1737233563.2020984,0.75,0.0,1.0,369,81,354,120
1737233563.2601862,0.75,0.0,1.0,372,81,354,119
1737233563.3203003,0.75,0.0,1.0,374,82,355,118
1737233563.3802998,0.75,0.0,1.0,375,81,357,117
1737233563.4413483,0.75,0.0,1.0,375,80,357,117
1737233563.500351,0.75,0.0,1.0,377,79,358,116
1737233563.5694156,0.75,0.0,1.0,381,79,360,116
1737233563.629989,0.75,0.0,1.0,382,78,363,116
1737233563.6885707,0.75,0.0,1.0,384,77,364,115
1737233563.745091,0.75,0.0,1.0,385,76,367,115
1737233563.8046138,0.75,0.0,1.0,387,75,368,114
1737233563.8616717,0.75,0.0,1.0,389,75,369,113
1737233563.9211304,0.75,0.0,1.0,391,75,370,112
1737233563.9807742,0.75,0.0,1.0,393,75,371,110
1737233564.0409033,0.75,0.0,1.0,396,76,371,109
1737233564.1019094,0.75,0.0,1.0,397,75,372,108
1737233564.1610496,0.75,0.0,1.0,399,75,373,107
1737233564.2292137,0.75,0.0,1.0,401,75,374,106
1737233564.2883914,0.75,0.0,1.0,403,75,375,106
1737233564.3484523,0.75,0.0,1.0,404,75,377,105
1737233564.4060254,0.75,0.0,1.0,406,75,379,106
1737233564.4649649,0.75,0.0,1.0,407,74,381,107
1737233564.524498,0.75,0.0,1.0,408,73,383,107
1737233564.5834992,0.75,0.0,1.0,410,73,385,107
1737233564.6436627,0.75,0.0,1.0,411,72,386,106
1737233564.7026596,0.75,0.0,1.0,414,73,388,105
1737233564.7617197,0.75,0.0,1.0,417,73,389,104
1737233564.8292255,0.75,0.0,1.0,419,73,390,102
1737233564.8893704,0.75,0.0,1.0,420,73,390,100
1737233564.9488912,0.75,0.0,1.0,422,74,391,100
1737233565.0080786,0.75,0.0,1.0,424,74,392,97
1737233565.0661001,0.75,0.0,1.0,426,74,394,99
1737233565.1255982,0.75,0.0,1.0,427,74,395,99
1737233565.1855917,0.75,0.0,1.0,428,74,397,100
1737233565.2431085,0.75,0.0,1.0,430,74,398,100
1737233565.3031247,0.75,0.0,1.0,432,74,401,101
1737233565.3706326,0.75,0.0,1.0,434,74,402,102
1737233565.4292836,0.75,0.0,1.0,435,73,404,101
1737233565.4873781,0.75,0.0,1.0,437,73,405,100
1737233565.5445528,0.75,0.0,1.0,440,74,407,99
1737233565.6035538,0.75,0.0,1.0,442,75,408,97
1737233565.6640675,0.75,0.0,1.0,443,75,409,96
1737233565.7225778,0.75,0.0,1.0,445,75,410,94
1737233565.7835777,0.75,0.0,1.0,448,76,412,94
1737233565.842886,0.75,0.0,1.0,449,76,413,93
1737233565.9124138,0.75,0.0,1.0,450,76,415,92
1737233565.9721093,0.75,0.0,1.0,451,76,415,91
1737233566.0296404,0.75,0.0,1.0,452,76,417,93
1737233566.0896454,0.75,0.0,1.0,454,77,419,95
1737233566.1471524,0.75,0.0,1.0,456,77,421,97
1737233566.205268,0.75,0.0,1.0,457,77,422,97
1737233566.2647934,0.75,0.0,1.0,459,77,423,98
1737233566.3343167,0.75,0.0,1.0,461,78,425,97
1737233566.3913128,0.75,0.0,1.0,463,79,426,97
1737233566.4504526,0.75,0.0,1.0,466,80,428,95
1737233566.509016,0.75,0.0,1.0,468,81,430,92
1737233566.568956,0.75,0.0,1.0,469,81,431,92
1737233566.6294804,0.75,0.0,1.0,471,82,433,91
1737233566.687108,0.75,0.0,1.0,473,82,434,92
1737233566.7446272,0.75,0.0,1.0,473,82,436,91
1737233566.8046336,0.75,0.0,1.0,475,82,436,92
1737233566.8735456,0.75,0.0,1.0,476,83,437,92
1737233566.9310725,0.75,0.0,1.0,478,85,439,94
1737233566.9906003,0.75,0.0,1.0,479,85,441,96
1737233567.0496647,0.75,0.0,1.0,480,85,442,97
1737233567.1056762,0.75,0.0,1.0,480,85,444,98
1737233567.166139,0.75,0.0,1.0,484,87,445,97
1737233567.2246702,0.75,0.0,1.0,486,88,447,98
1737233567.2856655,0.75,0.0,1.0,488,89,449,96
1737233567.3457656,0.75,0.0,1.0,489,90,450,94
1737233567.4057715,0.75,0.0,1.0,491,91,452,94
1737233567.46629,0.75,0.0,1.0,494,92,454,94
1737233567.5258172,0.75,0.0,1.0,495,92,455,94
1737233567.5858173,0.75,0.0,1.0,496,93,457,95
1737233567.6549187,0.75,0.0,1.0,497,93,458,95
1737233567.7124343,0.75,0.0,1.0,498,95,458,97
1737233567.7714791,0.75,0.0,1.0,499,96,459,100
1737233567.8279526,0.75,0.0,1.0,499,96,460,101
1737233567.884955,0.75,0.0,1.0,499,96,461,103
1737233567.9534802,0.75,0.0,1.0,499,96,463,103
1737233568.0090742,0.75,0.0,1.0,499,96,465,103
1737233568.0680745,0.75,0.0,1.0,507,101,466,103
1737233568.1261284,0.75,0.0,1.0,508,101,468,102
1737233568.186131,0.75,0.0,1.0,510,104,470,102
1737233568.246213,0.75,0.0,1.0,512,104,472,102
1737233568.3158283,0.75,0.0,1.0,513,104,474,101
1737233568.3748615,0.75,0.0,1.0,515,107,475,103
1737233568.4323542,0.75,0.0,1.0,516,108,476,104
1737233568.4913495,0.75,0.0,1.0,517,109,477,104
1737233568.5505426,0.75,0.0,1.0,518,110,478,105
1737233568.6075535,0.75,0.0,1.0,518,110,478,108
1737233568.6646678,0.75,0.0,1.0,518,110,478,110
1737233568.7327108,0.75,0.0,1.0,518,110,479,111
1737233568.7887106,0.75,0.0,1.0,518,110,480,111
1737233568.8458073,0.75,0.0,1.0,518,110,482,112
1737233568.9163182,0.75,0.0,1.0,524,117,483,112
1737233568.9759347,0.75,0.0,1.0,525,117,485,112
1737233569.033517,0.75,0.0,1.0,528,120,488,111
1737233569.09146,0.75,0.0,1.0,529,121,490,111
1737233569.1489851,0.75,0.0,1.0,531,121,492,112
1737233569.209486,0.75,0.0,1.0,532,124,493,113
1737233569.2684882,0.75,0.0,1.0,533,125,494,114
1737233569.3380017,0.75,0.0,1.0,533,126,494,115
1737233569.3980074,0.75,0.0,1.0,534,128,494,117
1737233569.454094,0.75,0.0,1.0,534,128,494,119
1737233569.5101964,0.75,0.0,1.0,534,128,493,121
1737233569.5652015,0.75,0.0,1.0,534,128,494,122
1737233569.6322606,0.75,0.0,1.0,534,128,495,123
1737233569.6878605,0.75,0.0,1.0,534,128,497,123
1737233569.745558,0.75,0.0,1.0,534,128,499,122
1737233569.8150141,0.75,0.0,1.0,540,137,502,123
1737233569.8741732,0.75,0.0,1.0,542,139,503,123
1737233569.9317005,0.75,0.0,1.0,543,141,506,124
1737233569.9893124,0.75,0.0,1.0,544,143,507,125
1737233570.048835,0.75,0.0,1.0,546,145,508,127
1737233570.1088865,0.75,0.0,1.0,546,145,509,128
1737233570.1781557,0.75,0.0,1.0,546,145,509,129
1737233570.235288,0.75,0.0,1.0,546,145,508,131
1737233570.2893853,0.75,0.0,1.0,546,145,508,131
1737233570.346441,0.75,0.0,1.0,546,145,508,132
1737233570.4120948,0.75,0.0,1.0,546,145,508,133
1737233570.4702332,0.75,0.0,1.0,547,152,508,135
1737233570.529758,0.75,0.0,1.0,548,153,510,137
1737233570.5898354,0.75,0.0,1.0,550,155,511,138
1737233570.6499171,0.75,0.0,1.0,550,159,514,138
1737233570.7184315,0.75,0.0,1.0,551,160,516,139
1737233570.7775104,0.75,0.0,1.0,553,162,518,140
1737233570.8360326,0.75,0.0,1.0,554,166,519,142
1737233570.8950324,0.75,0.0,1.0,554,166,520,143
1737233570.9540973,0.75,0.0,1.0,556,166,520,144
1737233571.0112543,0.75,0.0,1.0,556,165,519,146
1737233571.0672555,0.75,0.0,1.0,556,165,518,148
1737233571.137777,0.75,0.0,1.0,554,168,517,150
1737233571.1977847,0.75,0.0,1.0,554,169,517,151
1737233571.2563028,0.75,0.0,1.0,553,170,517,152
1737233571.314825,0.75,0.0,1.0,553,173,517,153
1737233571.3708293,0.75,0.0,1.0,553,173,518,155
1737233571.4403465,0.75,0.0,1.0,555,177,520,156
1737233571.4993658,0.75,0.0,1.0,556,181,522,156
1737233571.5576372,0.75,0.0,1.0,557,184,525,157
1737233571.614278,0.75,0.0,1.0,557,187,527,159
1737233571.673273,0.75,0.0,1.0,558,189,528,160
1737233571.7318068,0.75,0.0,1.0,559,190,528,162
1737233571.7918034,0.75,0.0,1.0,558,191,527,163
1737233571.8518841,0.75,0.0,1.0,558,192,526,164
1737233571.9113965,0.75,0.0,1.0,558,191,525,165
1737233571.97193,0.75,0.0,1.0,558,188,524,167
1737233572.0325744,0.75,0.0,1.0,557,189,523,168
1737233572.0935366,0.75,0.0,1.0,558,190,524,170
1737233572.1520615,0.75,0.0,1.0,558,193,524,171
1737233572.2125664,0.75,0.0,1.0,559,196,525,172
1737233572.2725673,0.75,0.0,1.0,558,202,527,173
1737233572.3320835,0.75,0.0,1.0,558,205,529,174
1737233572.3912191,0.75,0.0,1.0,557,208,530,176
1737233572.4512935,0.75,0.0,1.0,558,211,532,178
1737233572.5123787,0.75,0.0,1.0,557,212,532,180
1737233572.579375,0.75,0.0,1.0,558,214,532,181
1737233572.6389508,0.75,0.0,1.0,559,215,532,181
1737233572.6972153,0.75,0.0,1.0,558,214,531,182
1737233572.7557242,0.75,0.0,1.0,558,214,530,184
1737233572.815832,0.75,0.0,1.0,556,216,529,185
1737233572.8729758,0.75,0.0,1.0,557,214,528,186
1737233572.9324944,0.75,0.0,1.0,556,215,528,188
1737233572.9921262,0.75,0.0,1.0,554,221,528,189
1737233573.0521777,0.75,0.0,1.0,556,220,529,191
1737233573.1126833,0.75,0.0,1.0,555,225,530,192
1737233573.1726904,0.75,0.0,1.0,556,229,532,192
1737233573.2422342,0.75,0.0,1.0,554,232,534,195
1737233573.3012419,0.75,0.0,1.0,554,233,535,197
1737233573.3603249,0.75,0.0,1.0,554,234,534,198
1737233573.418848,0.75,0.0,1.0,554,237,533,199
1737233573.4758484,0.75,0.0,1.0,555,236,533,200
1737233573.5343716,0.75,0.0,1.0,553,236,532,202
1737233573.5943704,0.75,0.0,1.0,554,235,530,202
1737233573.6543982,0.75,0.0,1.0,552,236,529,203
1737233573.713766,0.75,0.0,1.0,551,236,528,204
1737233573.7737665,0.75,0.0,1.0,551,238,528,205
1737233573.8333535,0.75,0.0,1.0,550,241,529,207
1737233573.8933594,0.75,0.0,1.0,551,243,529,208
1737233573.9624221,0.75,0.0,1.0,549,246,530,210
1737233574.0215907,0.75,0.0,1.0,548,250,531,212
1737233574.0795903,0.75,0.0,1.0,546,253,532,214
1737233574.140112,0.75,0.0,1.0,546,255,533,216
1737233574.1991134,0.75,0.0,1.0,545,256,532,217
1737233574.256624,0.75,0.0,1.0,546,257,532,218
1737233574.3149858,0.75,0.0,1.0,548,255,531,219
1737233574.3750024,0.75,0.0,1.0,547,255,530,220
1737233574.443514,0.75,0.0,1.0,545,257,528,220
1737233574.5025275,0.75,0.0,1.0,544,257,527,221
1737233574.559682,0.75,0.0,1.0,543,258,526,223
1737233574.618194,0.75,0.0,1.0,542,260,525,223
1737233574.6741989,0.75,0.0,1.0,542,263,525,225
1737233574.7447176,0.75,0.0,1.0,541,264,526,227
1737233574.803816,0.75,0.0,1.0,541,267,527,228
1737233574.8629966,0.75,0.0,1.0,537,269,527,230
1737233574.9180968,0.75,0.0,1.0,537,269,528,232
1737233574.977783,0.75,0.0,1.0,535,274,528,234
1737233575.037302,0.75,0.0,1.0,534,276,527,235
1737233575.095306,0.75,0.0,1.0,537,275,527,236
1737233575.161598,0.75,0.0,1.0,536,276,525,237
1737233575.2201164,0.75,0.0,1.0,534,276,523,238
1737233575.277202,0.75,0.0,1.0,531,276,521,238
1737233575.3367186,0.75,0.0,1.0,531,277,519,238
1737233575.396718,0.75,0.0,1.0,528,277,519,239
1737233575.4647968,0.75,0.0,1.0,527,279,518,240
1737233575.5253196,0.75,0.0,1.0,526,281,517,242
1737233575.58432,0.75,0.0,1.0,526,283,518,243
1737233575.6413755,0.75,0.0,1.0,525,286,518,245
1737233575.6993856,0.75,0.0,1.0,525,288,519,248
1737233575.7568967,0.75,0.0,1.0,520,290,519,249
1737233575.8129096,0.75,0.0,1.0,520,290,519,251
1737233575.8844182,0.75,0.0,1.0,522,293,517,252
1737233575.9420388,0.75,0.0,1.0,518,293,517,253
1737233576.000681,0.75,0.0,1.0,518,293,515,253
1737233576.060199,0.75,0.0,1.0,515,293,512,254
1737233576.118816,0.75,0.0,1.0,514,293,511,254
1737233576.1798158,0.75,0.0,1.0,513,294,509,254
1737233576.2393396,0.75,0.0,1.0,512,297,508,256
1737233576.2973356,0.75,0.0,1.0,509,297,507,256
1737233576.3574052,0.75,0.0,1.0,508,298,506,258
1737233576.4169188,0.75,0.0,1.0,506,300,506,259
1737233576.4769182,0.75,0.0,1.0,505,302,506,262
1737233576.5464416,0.75,0.0,1.0,500,304,507,263
1737233576.6054585,0.75,0.0,1.0,499,305,507,265
1737233576.6626356,0.75,0.0,1.0,495,307,505,266
1737233576.7221575,0.75,0.0,1.0,499,308,504,267
1737233576.782159,0.75,0.0,1.0,495,308,503,268
1737233576.8398736,0.75,0.0,1.0,495,308,501,268
1737233576.8980594,0.75,0.0,1.0,493,308,498,268
1737233576.9575822,0.75,0.0,1.0,490,307,496,268
1737233577.0177464,0.75,0.0,1.0,489,308,494,269
1737233577.0878367,0.75,0.0,1.0,487,309,492,269
1737233577.1454265,0.75,0.0,1.0,484,309,492,270
1737233577.2053704,0.75,0.0,1.0,484,312,491,272
1737233577.2648833,0.75,0.0,1.0,481,313,491,274
1737233577.32352,0.75,0.0,1.0,480,314,491,275
1737233577.3797035,0.75,0.0,1.0,476,314,491,277
1737233577.4412324,0.75,0.0,1.0,473,315,490,279
1737233577.500234,0.75,0.0,1.0,471,316,489,279
1737233577.5587602,0.75,0.0,1.0,470,316,488,279
1737233577.6284068,0.75,0.0,1.0,468,317,486,279
1737233577.6864178,0.75,0.0,1.0,466,316,483,279
1737233577.744548,0.75,0.0,1.0,463,315,480,279
1737233577.80068,0.75,0.0,1.0,461,315,478,278
1737233577.8607213,0.75,0.0,1.0,459,315,475,278
1737233577.9202244,0.75,0.0,1.0,457,315,474,279
1737233577.9797988,0.75,0.0,1.0,455,316,473,280
1737233578.039071,0.75,0.0,1.0,454,318,472,281
1737233578.1081116,0.75,0.0,1.0,453,319,473,283
1737233578.167167,0.75,0.0,1.0,452,320,473,286
1737233578.2262359,0.75,0.0,1.0,450,321,472,287
1737233578.2852387,0.75,0.0,1.0,448,321,472,287
1737233578.3432992,0.75,0.0,1.0,448,321,470,288
1737233578.4021032,0.75,0.0,1.0,446,322,468,288
1737233578.4591942,0.75,0.0,1.0,444,321,467,287
1737233578.518723,0.75,0.0,1.0,441,320,463,286
1737233578.5797284,0.75,0.0,1.0,439,319,461,285
1737233578.6403034,0.75,0.0,1.0,436,318,458,284
1737233578.699813,0.75,0.0,1.0,433,317,456,285
1737233578.769394,0.75,0.0,1.0,431,318,454,285
1737233578.8289213,0.75,0.0,1.0,430,318,453,286
1737233578.8889182,0.75,0.0,1.0,429,320,452,287
1737233578.9464428,0.75,0.0,1.0,427,320,452,289
1737233579.005086,0.75,0.0,1.0,427,321,452,291
1737233579.0626004,0.75,0.0,1.0,425,322,451,293
1737233579.122124,0.75,0.0,1.0,424,323,450,293
1737233579.181179,0.75,0.0,1.0,422,323,449,293
1737233579.2496915,0.75,0.0,1.0,420,322,448,292
1737233579.3097417,0.75,0.0,1.0,418,321,445,292
1737233579.3677676,0.75,0.0,1.0,415,319,442,290
1737233579.4262602,0.75,0.0,1.0,412,318,439,289
1737233579.4852543,0.75,0.0,1.0,410,317,436,288
1737233579.5437756,0.75,0.0,1.0,407,316,434,287
1737233579.6037776,0.75,0.0,1.0,405,317,433,288
1737233579.6623714,0.75,0.0,1.0,404,317,431,288
1737233579.7228966,0.75,0.0,1.0,402,318,431,290
1737233579.7818973,0.75,0.0,1.0,402,318,431,292
1737233579.8492215,0.75,0.0,1.0,400,318,430,293
1737233579.907228,0.75,0.0,1.0,399,319,430,294
1737233579.9652982,0.75,0.0,1.0,398,319,429,295
1737233580.0254698,0.75,0.0,1.0,396,319,427,295
1737233580.0834754,0.75,0.0,1.0,394,318,425,294
1737233580.1426356,0.75,0.0,1.0,392,316,424,292
1737233580.20281,0.75,0.0,1.0,389,315,420,290
1737233580.261923,0.75,0.0,1.0,386,314,417,288
1737233580.3320904,0.75,0.0,1.0,383,312,415,287
1737233580.3910701,0.75,0.0,1.0,381,312,413,287
1737233580.4506264,0.75,0.0,1.0,379,311,411,287
1737233580.5085998,0.75,0.0,1.0,378,311,410,288
1737233580.5681074,0.75,0.0,1.0,376,311,408,289
1737233580.6266222,0.75,0.0,1.0,375,311,409,290
1737233580.6836214,0.75,0.0,1.0,374,311,408,292
1737233580.7521443,0.75,0.0,1.0,373,312,408,293
1737233580.811142,0.75,0.0,1.0,372,311,406,293
1737233580.8702161,0.75,0.0,1.0,370,310,404,292
1737233580.9297314,0.75,0.0,1.0,368,310,403,291
1737233580.9883885,0.75,0.0,1.0,366,308,401,289
1737233581.046471,0.75,0.0,1.0,363,306,397,287
1737233581.1064787,0.75,0.0,1.0,360,305,394,285
1737233581.164995,0.75,0.0,1.0,358,303,392,283
1737233581.2329555,0.75,0.0,1.0,356,302,390,283
1737233581.2906246,0.75,0.0,1.0,354,302,389,283
1737233581.3497038,0.75,0.0,1.0,352,301,387,283
1737233581.4077082,0.75,0.0,1.0,351,302,387,284
1737233581.4651728,0.75,0.0,1.0,350,301,387,286
1737233581.524676,0.75,0.0,1.0,349,300,386,287
1737233581.5836697,0.75,0.0,1.0,348,300,385,288
1737233581.6520839,0.75,0.0,1.0,347,301,383,287
1737233581.711031,0.75,0.0,1.0,345,299,382,286
1737233581.7695503,0.75,0.0,1.0,344,298,381,285
1737233581.8272958,0.75,0.0,1.0,341,296,378,282
1737233581.8844771,0.75,0.0,1.0,339,294,376,280
1737233581.9440012,0.75,0.0,1.0,336,292,373,277
1737233582.0046687,0.75,0.0,1.0,334,291,371,276
1737233582.0641828,0.75,0.0,1.0,332,289,369,275
1737233582.134279,0.75,0.0,1.0,330,288,367,275
1737233582.1942728,0.75,0.0,1.0,328,287,366,275
1737233582.2523663,0.75,0.0,1.0,326,287,366,276
1737233582.312367,0.75,0.0,1.0,326,286,365,278
1737233582.3724523,0.75,0.0,1.0,325,286,364,278
1737233582.4316025,0.75,0.0,1.0,324,285,363,278
1737233582.4906082,0.75,0.0,1.0,323,284,365,277
1737233582.5487683,0.75,0.0,1.0,321,283,361,276
1737233582.6079478,0.75,0.0,1.0,320,281,359,275
1737233582.666003,0.75,0.0,1.0,317,279,360,272
1737233582.7261558,0.75,0.0,1.0,315,276,355,268
1737233582.786151,0.75,0.0,1.0,313,274,353,266
1737233582.8462315,0.75,0.0,1.0,311,272,351,265
1737233582.905234,0.75,0.0,1.0,310,271,349,264
1737233582.974974,0.75,0.0,1.0,308,270,348,263
1737233583.0344474,0.75,0.0,1.0,307,269,346,263
1737233583.0915542,0.75,0.0,1.0,306,268,346,264
1737233583.1486452,0.75,0.0,1.0,304,266,348,266
1737233583.2086542,0.75,0.0,1.0,304,265,346,266
1737233583.2677383,0.75,0.0,1.0,303,264,346,266
1737233583.3259985,0.75,0.0,1.0,302,264,345,264
1737233583.3860805,0.75,0.0,1.0,301,260,343,263
1737233583.4466102,0.75,0.0,1.0,299,259,343,261
1737233583.5156164,0.75,0.0,1.0,296,259,341,258
1737233583.575711,0.75,0.0,1.0,295,255,337,254
1737233583.634224,0.75,0.0,1.0,293,254,335,252
1737233583.6922288,0.75,0.0,1.0,292,250,334,250
1737233583.7507503,0.75,0.0,1.0,290,250,333,249
1737233583.8107471,0.75,0.0,1.0,289,249,335,249
1737233583.8682654,0.75,0.0,1.0,289,247,331,248
1737233583.9270296,0.75,0.0,1.0,289,245,331,249
1737233583.986645,0.75,0.0,1.0,289,245,332,250
1737233584.0471551,0.75,0.0,1.0,288,242,330,250
1737233584.1071546,0.75,0.0,1.0,288,240,330,249
1737233584.1672075,0.75,0.0,1.0,288,239,329,248
1737233584.2277253,0.75,0.0,1.0,286,238,328,246
1737233584.2967196,0.75,0.0,1.0,285,236,328,244
1737233584.352379,0.75,0.0,1.0,283,233,327,241
1737233584.411355,0.75,0.0,1.0,282,229,322,237
1737233584.4704373,0.75,0.0,1.0,281,228,321,234
1737233584.5290606,0.75,0.0,1.0,281,225,321,232
1737233584.589206,0.75,0.0,1.0,280,230,319,231
1737233584.650242,0.75,0.0,1.0,279,229,319,230
1737233584.7102516,0.75,0.0,1.0,281,229,319,230
1737233584.767762,0.75,0.0,1.0,280,229,320,231
1737233584.8292851,0.75,0.0,1.0,280,229,318,232
1737233584.8884015,0.75,0.0,1.0,277,227,317,231
1737233584.9485502,0.75,0.0,1.0,275,225,317,231
1737233585.0182254,0.75,0.0,1.0,282,212,317,228
1737233585.07746,0.75,0.0,1.0,279,210,316,226
1737233585.1365464,0.75,0.0,1.0,281,200,316,226
1737233585.195542,0.75,0.0,1.0,280,195,316,222
1737233585.251743,0.75,0.0,1.0,279,192,316,219
1737233585.3107505,0.75,0.0,1.0,277,189,312,215
1737233585.3688073,0.75,0.0,1.0,277,187,312,214
1737233585.4293876,0.75,0.0,1.0,272,197,312,212
1737233585.489385,0.75,0.0,1.0,273,195,311,211
1737233585.5499003,0.75,0.0,1.0,273,193,312,211
1737233585.60991,0.75,0.0,1.0,274,192,310,210
1737233585.6694336,0.75,0.0,1.0,274,191,311,212
1737233585.728958,0.75,0.0,1.0,275,189,309,211
1737233585.788955,0.75,0.0,1.0,274,188,310,209
1737233585.849487,0.75,0.0,1.0,273,186,310,207
1737233585.909486,0.75,0.0,1.0,272,183,310,205
1737233585.9785624,0.75,0.0,1.0,272,180,308,203
1737233586.037095,0.75,0.0,1.0,271,177,308,201
1737233586.0960968,0.75,0.0,1.0,270,175,307,198
1737233586.1557395,0.75,0.0,1.0,270,173,307,196
1737233586.2147472,0.75,0.0,1.0,270,171,306,195
1737233586.2753174,0.75,0.0,1.0,270,168,306,193
1737233586.3343456,0.75,0.0,1.0,271,167,305,193
1737233586.3933454,0.75,0.0,1.0,272,165,305,193
1737233586.452362,0.75,0.0,1.0,275,158,303,193
1737233586.510369,0.75,0.0,1.0,275,158,303,192
1737233586.5704253,0.75,0.0,1.0,275,157,303,192
1737233586.6320374,0.75,0.0,1.0,275,155,302,189
1737233586.6910887,0.75,0.0,1.0,275,153,302,189
1737233586.7506166,0.75,0.0,1.0,275,150,302,187
1737233586.8106153,0.75,0.0,1.0,275,147,303,185
1737233586.8794882,0.75,0.0,1.0,273,149,303,183
1737233586.937988,0.75,0.0,1.0,273,146,304,180
1737233586.9965131,0.75,0.0,1.0,274,144,304,178
1737233587.0540185,0.75,0.0,1.0,274,142,304,176
1737233587.1140342,0.75,0.0,1.0,276,139,304,175
1737233587.1711702,0.75,0.0,1.0,280,134,303,175
1737233587.2316957,0.75,0.0,1.0,280,134,303,174
1737233587.290692,0.75,0.0,1.0,281,134,302,173
1737233587.3610506,0.75,0.0,1.0,281,133,302,172
1737233587.4190493,0.75,0.0,1.0,281,132,302,171
1737233587.477554,0.75,0.0,1.0,282,131,302,169
1737233587.536105,0.75,0.0,1.0,281,129,302,169
1737233587.5970652,0.75,0.0,1.0,282,126,302,166
1737233587.6541173,0.75,0.0,1.0,283,123,302,165
1737233587.714119,0.75,0.0,1.0,284,120,303,163
1737233587.7726262,0.75,0.0,1.0,285,117,304,161
1737233587.8321366,0.75,0.0,1.0,285,115,305,159
1737233587.9011412,0.75,0.0,1.0,287,114,306,157
1737233587.9606693,0.75,0.0,1.0,288,113,305,156
1737233588.020257,0.75,0.0,1.0,290,112,306,154
1737233588.0788484,0.75,0.0,1.0,290,111,305,154
1737233588.1373546,0.75,0.0,1.0,290,112,304,153
1737233588.1983547,0.75,0.0,1.0,291,112,304,152
1737233588.2538648,0.75,0.0,1.0,292,110,304,151
1737233588.3129213,0.75,0.0,1.0,292,108,304,150
1737233588.373386,0.75,0.0,1.0,292,107,304,148
1737233588.4338946,0.75,0.0,1.0,293,105,305,147
1737233588.493894,0.75,0.0,1.0,296,102,307,146
1737233588.5529196,0.75,0.0,1.0,297,99,308,144
1737233588.6129212,0.75,0.0,1.0,297,97,310,142
1737233588.683036,0.75,0.0,1.0,299,95,310,140
1737233588.740082,0.75,0.0,1.0,300,93,311,138
1737233588.80108,0.75,0.0,1.0,301,93,311,137
1737233588.8601344,0.75,0.0,1.0,302,92,311,136
1737233588.9154918,0.75,0.0,1.0,305,92,311,135
1737233588.9742005,0.75,0.0,1.0,305,92,310,134
1737233589.0340047,0.75,0.0,1.0,307,91,310,133
1737233589.0940044,0.75,0.0,1.0,307,90,310,132
1737233589.1552017,0.75,0.0,1.0,308,89,311,131
1737233589.2142053,0.75,0.0,1.0,309,88,312,130
1737233589.2742634,0.75,0.0,1.0,311,86,313,129
1737233589.3337965,0.75,0.0,1.0,312,84,315,128
1737233589.403793,0.75,0.0,1.0,313,82,317,127
1737233589.4632983,0.75,0.0,1.0,315,80,318,125
1737233589.5223007,0.75,0.0,1.0,315,78,319,124
1737233589.580812,0.75,0.0,1.0,317,77,319,123
1737233589.6389725,0.75,0.0,1.0,319,76,320,121
1737233589.6989663,0.75,0.0,1.0,320,76,320,120
1737233589.757489,0.75,0.0,1.0,322,76,320,119
1737233589.816502,0.75,0.0,1.0,323,76,319,118
1737233589.8750184,0.75,0.0,1.0,325,76,319,117
1737233589.9345253,0.75,0.0,1.0,326,75,319,116
1737233590.0044355,0.75,0.0,1.0,327,74,321,115
1737233590.0643957,0.75,0.0,1.0,329,73,322,114
1737233590.122397,0.75,0.0,1.0,330,71,323,113
1737233590.1824381,0.75,0.0,1.0,331,70,325,113
1737233590.24046,0.75,0.0,1.0,333,68,327,111
1737233590.2984605,0.75,0.0,1.0,334,66,328,110
1737233590.3584738,0.75,0.0,1.0,335,65,329,109
1737233590.417473,0.75,0.0,1.0,337,64,330,108
1737233590.477542,0.75,0.0,1.0,338,63,331,106
1737233590.536072,0.75,0.0,1.0,340,63,331,106
1737233590.5950723,0.75,0.0,1.0,344,63,331,104
1737233590.6561494,0.75,0.0,1.0,346,64,330,103
1737233590.7161663,0.75,0.0,1.0,347,64,331,102
1737233590.7756882,0.75,0.0,1.0,349,64,332,101
1737233590.8363748,0.75,0.0,1.0,350,62,333,100
1737233590.906456,0.75,0.0,1.0,350,61,334,100
1737233590.965959,0.75,0.0,1.0,352,59,336,99
1737233591.0244863,0.75,0.0,1.0,354,58,338,99
1737233591.0839968,0.75,0.0,1.0,353,56,340,98
1737233591.1425261,0.75,0.0,1.0,355,55,341,97
1737233591.201513,0.75,0.0,1.0,356,54,343,96
1737233591.2600353,0.75,0.0,1.0,359,54,343,95
1737233591.318059,0.75,0.0,1.0,362,55,343,93
1737233591.3766596,0.75,0.0,1.0,364,55,344,92
1737233591.4362202,0.75,0.0,1.0,366,55,345,91
1737233591.4962225,0.75,0.0,1.0,368,55,345,89
1737233591.5562901,0.75,0.0,1.0,369,55,346,88
1737233591.6173413,0.75,0.0,1.0,370,55,347,88
1737233591.6854692,0.75,0.0,1.0,371,54,348,87
1737233591.7415297,0.75,0.0,1.0,372,52,349,86
1737233591.8005302,0.75,0.0,1.0,374,51,350,86
1737233591.8595848,0.75,0.0,1.0,375,50,353,87
1737233591.9176416,0.75,0.0,1.0,378,50,354,86
1737233591.9773932,0.75,0.0,1.0,377,48,356,85
1737233592.037952,0.75,0.0,1.0,379,48,357,84
1737233592.0969048,0.75,0.0,1.0,383,49,359,83
1737233592.1584203,0.75,0.0,1.0,385,49,360,82
1737233592.2184348,0.75,0.0,1.0,386,49,361,81
1737233592.2779648,0.75,0.0,1.0,388,49,361,80
1737233592.3380327,0.75,0.0,1.0,390,49,362,79
1737233592.3971298,0.75,0.0,1.0,392,49,362,78
1737233592.467324,0.75,0.0,1.0,393,49,364,76
1737233592.5263803,0.75,0.0,1.0,394,49,365,77
1737233592.5849588,0.75,0.0,1.0,395,48,366,77
1737233592.643481,0.75,0.0,1.0,397,48,369,78
1737233592.7015219,0.75,0.0,1.0,399,47,370,78
1737233592.7585897,0.75,0.0,1.0,400,46,372,78
1737233592.8185666,0.75,0.0,1.0,401,45,374,78
1737233592.8777406,0.75,0.0,1.0,403,45,375,77
1737233592.9387925,0.75,0.0,1.0,405,45,376,76
1737233593.0003288,0.75,0.0,1.0,407,46,377,75
1737233593.0588708,0.75,0.0,1.0,409,46,378,73
1737233593.1187928,0.75,0.0,1.0,411,47,379,73
1737233593.1783776,0.75,0.0,1.0,413,47,380,71
1737233593.2468457,0.75,0.0,1.0,415,47,381,71
1737233593.3028939,0.75,0.0,1.0,416,47,382,67
